,Unnamed: 0,census_tract,total_population,median_age,total_population_25yrsandover,total_bachelors_degree,median_income,clusterLabels
0,1,Bronx_1,7503.0,32.1,303.0,0.7,10778.0,3
1,2,Bronx_2,5251.0,38.6,449.0,11.8,30760.0,3
2,3,Bronx_4,5980.0,39.4,300.0,14.3,32371.0,3
3,4,Bronx_16,6056.0,36.9,325.0,5.8,17848.0,3
4,5,Bronx_19,2682.0,32.5,227.0,13.7,21788.0,0
5,6,Bronx_20,9131.0,32.5,598.0,8.9,13258.0,3
6,7,Bronx_23,4824.0,27.8,215.0,3.5,13237.0,0
7,8,Bronx_24,123.0,27.9,140.0,26.5,58526.0,2
8,9,Bronx_25,5651.0,30.4,362.0,6.6,16162.0,3
9,10,Bronx_27.01,3034.0,25.2,153.0,6.6,14470.0,0
10,11,Bronx_27.02,4684.0,27.3,290.0,7.4,13737.0,0
11,12,Bronx_28,5350.0,42.7,347.0,15.7,30584.0,1
12,13,Bronx_31,1744.0,33.8,109.0,9.8,25673.0,0
13,14,Bronx_33,3855.0,26.6,243.0,6.5,12569.0,0
14,15,Bronx_35,3935.0,30.3,208.0,9.8,17809.0,0
15,16,Bronx_37,279.0,45.9,75.0,4.0,12969.0,1
16,17,Bronx_38,1246.0,31.5,157.0,5.1,24632.0,0
17,18,Bronx_39,6487.0,29.5,570.0,6.6,18165.0,3
18,19,Bronx_40.01,1489.0,40.2,142.0,11.4,25806.0,1
19,20,Bronx_41,6208.0,24.2,288.0,4.7,12335.0,3
20,21,Bronx_42,7848.0,34.8,409.0,8.8,14800.0,3
21,22,Bronx_43,6021.0,30.3,265.0,7.0,13915.0,3
22,23,Bronx_44,4827.0,32.1,355.0,8.1,12955.0,0
23,24,Bronx_46,1976.0,33.6,124.0,12.9,20467.0,0
24,25,Bronx_48,4504.0,30.1,277.0,6.8,15083.0,0
25,26,Bronx_50.01,5181.0,30.8,241.0,7.1,18604.0,3
26,27,Bronx_50.02,5687.0,30.0,334.0,6.1,15040.0,3
27,28,Bronx_51,5676.0,26.4,219.0,7.1,14129.0,3
28,29,Bronx_52,2368.0,31.1,164.0,7.8,15513.0,0
29,30,Bronx_53,3866.0,27.5,202.0,8.8,11676.0,0
30,31,Bronx_54,6292.0,32.0,428.0,6.1,16832.0,3
31,32,Bronx_56,2614.0,39.3,165.0,4.8,14327.0,0
32,33,Bronx_59.02,2746.0,38.3,211.0,16.1,15528.0,0
33,34,Bronx_60,1269.0,31.0,103.0,18.1,18678.0,0
34,35,Bronx_61,3878.0,50.9,355.0,20.5,35779.0,1
35,36,Bronx_62,7386.0,29.3,468.0,6.1,15197.0,3
36,37,Bronx_63,4291.0,35.7,353.0,19.2,21695.0,0
37,38,Bronx_64,3266.0,38.0,253.0,10.8,14813.0,0
38,39,Bronx_65,5609.0,30.0,305.0,8.6,16063.0,3
39,40,Bronx_67,7597.0,27.2,419.0,4.7,13951.0,3
40,41,Bronx_68,3358.0,31.8,316.0,9.5,23680.0,0
41,42,Bronx_69,8672.0,27.5,533.0,9.7,15787.0,3
42,43,Bronx_70,4889.0,32.3,347.0,9.0,17878.0,0
43,44,Bronx_71,2544.0,31.4,126.0,18.1,24638.0,0
44,45,Bronx_72,5563.0,32.1,314.0,12.4,18793.0,3
45,46,Bronx_73,4046.0,29.0,304.0,3.8,15774.0,0
46,47,Bronx_74,3701.0,36.3,238.0,15.8,22269.0,0
47,48,Bronx_75,6043.0,28.4,262.0,12.1,15592.0,3
48,49,Bronx_76,5013.0,32.5,395.0,5.8,18052.0,3
49,50,Bronx_77,2040.0,31.2,122.0,8.6,16553.0,0
50,51,Bronx_78,6535.0,30.0,512.0,11.4,17065.0,3
51,52,Bronx_79,6693.0,28.0,416.0,4.1,15220.0,3
52,53,Bronx_83,6887.0,30.8,413.0,10.1,16191.0,3
53,54,Bronx_84,2528.0,32.9,172.0,14.0,29063.0,0
54,55,Bronx_85,6406.0,32.3,613.0,9.2,13605.0,3
55,56,Bronx_86,3849.0,34.8,253.0,7.4,15106.0,0
56,57,Bronx_87,6420.0,32.0,343.0,5.8,20246.0,3
57,58,Bronx_89,3323.0,27.6,192.0,8.6,16822.0,0
58,59,Bronx_90,3636.0,29.2,217.0,9.6,16528.0,0
59,60,Bronx_92,5975.0,34.5,266.0,12.0,22329.0,3
60,61,Bronx_93,6601.0,31.0,443.0,6.6,15775.0,3
61,62,Bronx_96,2597.0,36.7,218.0,14.1,22133.0,0
62,63,Bronx_98,5306.0,39.9,319.0,17.8,26667.0,3
63,64,Bronx_110,151.0,40.9,68.0,37.0,24420.0,1
64,65,Bronx_115.02,4656.0,28.5,281.0,10.9,13743.0,0
65,66,Bronx_117,1536.0,26.9,127.0,11.0,20606.0,0
66,67,Bronx_118,5267.0,35.6,231.0,13.9,23994.0,3
67,68,Bronx_119,5179.0,30.7,281.0,5.1,16205.0,3
68,69,Bronx_121.01,2875.0,27.5,259.0,8.0,14351.0,0
69,70,Bronx_121.02,1682.0,24.3,122.0,9.1,12712.0,0
70,71,Bronx_123,3893.0,30.0,319.0,12.4,15000.0,0
71,72,Bronx_125,4311.0,31.0,307.0,11.0,17030.0,0
72,73,Bronx_127.01,1954.0,34.7,133.0,9.3,11963.0,0
73,74,Bronx_129.01,4240.0,28.6,294.0,4.5,13345.0,0
74,75,Bronx_130,1447.0,39.8,119.0,12.8,31364.0,1
75,76,Bronx_131,5008.0,27.6,254.0,9.4,18913.0,0
76,77,Bronx_132,7160.0,41.1,510.0,18.4,46880.0,3
77,78,Bronx_133,6095.0,32.6,547.0,9.5,17604.0,3
78,79,Bronx_135,3855.0,32.8,256.0,7.4,17105.0,0
79,80,Bronx_138,2794.0,42.4,224.0,11.5,35200.0,1
80,81,Bronx_141,5781.0,31.4,271.0,12.8,19077.0,3
81,82,Bronx_143,1085.0,33.9,157.0,7.0,12440.0,0
82,83,Bronx_144,6198.0,27.8,327.0,7.1,18664.0,3
83,84,Bronx_145,8112.0,26.5,992.0,6.9,11147.0,3
84,85,Bronx_147.01,7152.0,24.4,506.0,10.2,12143.0,3
85,86,Bronx_147.02,5326.0,26.0,338.0,8.2,12364.0,3
86,87,Bronx_149,4508.0,30.1,323.0,10.2,18029.0,0
87,88,Bronx_151,5172.0,32.4,273.0,10.8,20285.0,3
88,89,Bronx_152,2805.0,39.4,197.0,16.5,34293.0,1
89,90,Bronx_153,4880.0,30.0,353.0,15.7,14605.0,0
90,91,Bronx_155,2966.0,34.4,139.0,13.3,14096.0,0
91,92,Bronx_157,4365.0,29.5,402.0,6.4,16158.0,0
92,93,Bronx_158,1090.0,38.8,118.0,16.8,34120.0,1
93,94,Bronx_159,1600.0,38.2,143.0,2.9,11722.0,0
94,95,Bronx_160,4004.0,43.4,265.0,16.2,37119.0,1
95,96,Bronx_161,4372.0,34.8,320.0,9.1,14407.0,0
96,97,Bronx_162,2013.0,40.9,180.0,14.7,22469.0,1
97,99,Bronx_164,1026.0,48.7,88.0,17.5,29135.0,1
98,100,Bronx_165,1002.0,28.3,94.0,16.0,15417.0,0
99,101,Bronx_166,2210.0,39.1,190.0,19.3,31563.0,1
100,102,Bronx_167,2920.0,26.4,189.0,10.2,15446.0,0
101,103,Bronx_169,1361.0,32.4,144.0,13.4,14911.0,0
102,105,Bronx_173,5320.0,35.3,418.0,6.1,15014.0,3
103,106,Bronx_175,6960.0,32.7,386.0,9.0,14824.0,3
104,107,Bronx_177.01,5228.0,27.8,366.0,12.6,14556.0,3
105,108,Bronx_177.02,5401.0,32.4,381.0,11.5,15778.0,3
106,109,Bronx_179.01,5112.0,28.5,255.0,8.1,13750.0,3
107,110,Bronx_179.02,3580.0,29.8,244.0,11.1,16235.0,0
108,111,Bronx_181.01,3068.0,30.3,248.0,5.1,16972.0,0
109,112,Bronx_181.02,5851.0,32.3,333.0,15.0,17553.0,3
110,113,Bronx_183.01,4011.0,41.3,213.0,15.5,19317.0,1
111,114,Bronx_183.02,3836.0,30.7,305.0,10.6,15530.0,0
112,115,Bronx_184,3559.0,40.1,234.0,17.1,35313.0,1
113,116,Bronx_185,7342.0,32.4,391.0,9.5,18164.0,3
114,117,Bronx_189,8200.0,32.6,469.0,8.8,14965.0,3
115,118,Bronx_193,5659.0,26.5,318.0,13.0,17549.0,3
116,119,Bronx_194,2339.0,34.1,202.0,18.1,27109.0,0
117,120,Bronx_195,7462.0,33.3,360.0,11.9,15688.0,3
118,121,Bronx_197,6795.0,30.0,411.0,8.2,16372.0,3
119,122,Bronx_199,8446.0,32.8,594.0,12.0,18333.0,3
120,123,Bronx_200,4751.0,33.6,303.0,12.5,22805.0,0
121,124,Bronx_201,4346.0,31.2,287.0,10.8,17250.0,0
122,125,Bronx_202,2194.0,35.1,156.0,14.2,19963.0,0
123,126,Bronx_204,2934.0,30.6,270.0,10.3,26104.0,0
124,127,Bronx_205.01,6789.0,33.4,334.0,9.6,16815.0,3
125,128,Bronx_205.02,2110.0,31.9,132.0,12.8,14461.0,0
126,129,Bronx_206.01,2896.0,35.3,274.0,9.2,22197.0,0
127,130,Bronx_209,4429.0,30.5,301.0,12.0,16916.0,0
128,131,Bronx_210.01,9648.0,34.8,567.0,12.4,32740.0,3
129,132,Bronx_210.02,6854.0,39.5,410.0,20.2,31374.0,3
130,133,Bronx_211,5200.0,27.8,214.0,6.7,17407.0,3
131,134,Bronx_212,5155.0,40.2,328.0,17.3,34558.0,1
132,135,Bronx_213.01,1147.0,33.2,78.0,11.5,15389.0,0
133,136,Bronx_213.02,6151.0,30.0,356.0,11.6,18937.0,3
134,137,Bronx_215.01,4761.0,25.0,219.0,13.0,17649.0,0
135,138,Bronx_215.02,6298.0,31.1,281.0,9.2,11966.0,3
136,139,Bronx_216.01,4311.0,34.2,232.0,10.2,15433.0,0
137,140,Bronx_216.02,5861.0,40.3,376.0,22.2,21500.0,3
138,141,Bronx_217,5213.0,34.3,328.0,5.2,13315.0,3
139,142,Bronx_218,6870.0,34.1,459.0,8.1,18907.0,3
140,143,Bronx_219,1142.0,33.6,122.0,13.0,16596.0,0
141,144,Bronx_220,2174.0,28.4,177.0,5.4,13521.0,0
142,145,Bronx_221.01,3948.0,27.6,276.0,8.6,15670.0,0
143,146,Bronx_221.02,5293.0,30.4,356.0,7.1,15295.0,3
144,147,Bronx_222,3308.0,32.9,260.0,10.3,21635.0,0
145,148,Bronx_223,5177.0,29.7,255.0,7.7,15233.0,3
146,149,Bronx_224.01,2807.0,35.0,211.0,17.0,27190.0,0
147,150,Bronx_224.03,3589.0,33.3,272.0,15.7,21893.0,0
148,151,Bronx_224.04,4265.0,32.2,218.0,16.7,25553.0,0
149,152,Bronx_225,8440.0,27.3,384.0,9.5,16760.0,3
150,153,Bronx_227.01,5733.0,30.8,315.0,14.6,16524.0,3
151,154,Bronx_227.02,1446.0,36.6,132.0,14.8,17475.0,0
152,155,Bronx_227.03,1775.0,30.4,131.0,19.9,25801.0,0
153,156,Bronx_228,5912.0,32.2,309.0,15.5,30500.0,3
154,157,Bronx_229.01,5650.0,28.6,353.0,13.4,16797.0,3
155,158,Bronx_229.02,3304.0,29.7,297.0,9.0,17856.0,0
156,159,Bronx_230,2945.0,30.9,215.0,14.4,21064.0,0
157,160,Bronx_231,1650.0,37.3,189.0,9.8,14294.0,0
158,161,Bronx_232,2702.0,33.1,158.0,14.7,23295.0,0
159,162,Bronx_233.01,4185.0,30.7,261.0,8.6,13568.0,0
160,163,Bronx_233.02,3601.0,28.4,361.0,6.2,14331.0,0
161,164,Bronx_235.01,3225.0,31.2,220.0,8.1,14733.0,0
162,165,Bronx_235.02,4624.0,37.0,328.0,6.5,15389.0,0
163,166,Bronx_236,2268.0,27.5,197.0,7.0,16581.0,0
164,167,Bronx_237.02,1222.0,32.6,124.0,9.5,20694.0,0
165,168,Bronx_237.03,5766.0,27.0,366.0,8.9,15404.0,3
166,169,Bronx_237.04,4142.0,27.2,316.0,10.1,15893.0,0
167,170,Bronx_238,2523.0,34.5,158.0,16.8,21279.0,0
168,171,Bronx_239,7931.0,30.4,451.0,10.4,15609.0,3
169,172,Bronx_240,3647.0,31.7,251.0,13.7,19760.0,0
170,173,Bronx_241,5963.0,28.9,345.0,8.8,16532.0,3
171,174,Bronx_243,5613.0,32.2,284.0,6.7,13104.0,3
172,175,Bronx_244,2318.0,34.3,161.0,23.1,29932.0,1
173,176,Bronx_245.01,5444.0,28.8,312.0,5.9,12441.0,3
174,177,Bronx_245.02,3962.0,31.3,291.0,14.9,14500.0,0
175,178,Bronx_246,2342.0,40.3,180.0,21.1,33929.0,1
176,179,Bronx_247,1919.0,32.2,127.0,7.6,26984.0,0
177,180,Bronx_248,3075.0,42.3,251.0,17.9,35727.0,1
178,182,Bronx_250,2723.0,41.8,193.0,19.5,38229.0,1
179,183,Bronx_251,6578.0,32.3,545.0,14.6,15745.0,3
180,184,Bronx_252,2702.0,37.5,170.0,18.2,28641.0,1
181,185,Bronx_253,5925.0,32.4,347.0,9.8,16921.0,3
182,186,Bronx_254,2020.0,36.5,174.0,13.1,30065.0,0
183,187,Bronx_255,5929.0,30.9,346.0,12.1,17096.0,3
184,188,Bronx_256,1756.0,36.6,344.0,12.3,27500.0,0
185,189,Bronx_257,1875.0,30.8,384.0,13.3,22464.0,0
186,190,Bronx_261,1995.0,48.7,111.0,26.8,45833.0,1
187,191,Bronx_263,5867.0,41.2,450.0,9.7,17279.0,3
188,192,Bronx_264,5517.0,40.2,464.0,14.4,32969.0,3
189,193,Bronx_265,7827.0,31.5,575.0,12.0,16464.0,3
190,194,Bronx_266.01,3088.0,45.3,206.0,14.9,30864.0,1
191,195,Bronx_266.02,5430.0,43.1,428.0,16.4,28214.0,1
192,196,Bronx_267.01,3944.0,33.5,294.0,16.1,16866.0,0
193,197,Bronx_267.02,7146.0,32.9,337.0,12.2,19624.0,3
194,198,Bronx_269,3751.0,34.2,238.0,16.0,21230.0,0
195,199,Bronx_273,8181.0,32.3,389.0,10.5,19980.0,3
196,200,Bronx_274.01,4521.0,48.4,309.0,13.9,45949.0,1
197,201,Bronx_274.02,3578.0,51.3,254.0,17.5,37730.0,1
198,202,Bronx_276,59.0,23.4,14.0,0.0,18906.0,0
199,203,Bronx_277,5633.0,33.1,426.0,8.6,18984.0,3
200,204,Bronx_279,7012.0,38.8,610.0,19.4,28405.0,3
201,205,Bronx_281,4046.0,50.7,336.0,15.4,35564.0,1
202,206,Bronx_283,3331.0,30.5,275.0,13.1,18449.0,0
203,207,Bronx_284,687.0,53.7,180.0,10.6,13988.0,1
204,208,Bronx_285,3284.0,36.2,208.0,35.1,30949.0,2
205,209,Bronx_286,1190.0,42.7,151.0,18.8,32418.0,1
206,210,Bronx_287,3174.0,33.7,268.0,23.8,34598.0,1
207,211,Bronx_288,3564.0,41.8,335.0,19.6,42997.0,1
208,212,Bronx_289,4545.0,38.8,380.0,19.4,23247.0,1
209,213,Bronx_293.01,1852.0,57.5,146.0,24.9,73092.0,2
210,214,Bronx_293.02,5325.0,50.8,288.0,23.6,59798.0,2
211,215,Bronx_295,5103.0,34.1,380.0,32.3,49130.0,2
212,216,Bronx_296,1670.0,32.7,159.0,19.2,32335.0,0
213,217,Bronx_297,3585.0,46.4,207.0,31.1,50925.0,2
214,218,Bronx_300,5521.0,36.2,355.0,16.9,33193.0,3
215,219,Bronx_301,1309.0,65.7,197.0,19.8,36029.0,1
216,220,Bronx_302,9875.0,42.9,843.0,14.2,31784.0,3
217,221,Bronx_307.01,5296.0,44.8,279.0,30.6,69301.0,2
218,222,Bronx_309,3775.0,50.8,231.0,22.3,56788.0,2
219,223,Bronx_310,4919.0,52.5,285.0,11.2,35192.0,1
220,224,Bronx_312,1676.0,42.8,102.0,19.6,41854.0,1
221,225,Bronx_314,2193.0,42.8,220.0,15.2,38799.0,1
222,226,Bronx_316,1829.0,40.2,127.0,21.1,31227.0,1
223,227,Bronx_318,2023.0,41.9,348.0,22.9,30641.0,1
224,228,Bronx_319,654.0,20.2,94.0,3.8,3033.0,0
225,229,Bronx_323,4430.0,47.0,443.0,22.2,60242.0,2
226,230,Bronx_324,2779.0,40.0,252.0,8.9,16460.0,0
227,231,Bronx_326,3453.0,42.9,330.0,11.8,30713.0,1
228,232,Bronx_328,4233.0,31.0,325.0,10.1,12459.0,0
229,233,Bronx_330,5750.0,37.7,494.0,9.4,18688.0,3
230,234,Bronx_332.01,4340.0,35.7,298.0,16.3,24761.0,0
231,235,Bronx_332.02,4409.0,43.8,403.0,9.7,22577.0,1
232,236,Bronx_334,1468.0,37.8,93.0,19.6,23636.0,1
233,237,Bronx_335,2072.0,32.9,135.0,28.6,35625.0,2
234,238,Bronx_336,6821.0,35.1,386.0,11.6,18259.0,3
235,239,Bronx_337,2314.0,41.9,135.0,29.3,48125.0,2
236,240,Bronx_338,4404.0,31.3,343.0,12.2,20324.0,0
237,241,Bronx_340,4859.0,31.2,308.0,11.6,22281.0,0
238,242,Bronx_342,2032.0,36.4,157.0,16.0,24914.0,0
239,243,Bronx_343,1624.0,38.6,174.0,19.7,38295.0,1
240,244,Bronx_344,2299.0,34.5,196.0,20.9,24549.0,0
241,245,Bronx_345,3389.0,40.3,345.0,27.6,36837.0,1
242,246,Bronx_348,6976.0,34.5,533.0,9.4,24895.0,3
243,247,Bronx_350,1847.0,40.2,196.0,15.2,27696.0,1
244,248,Bronx_351,3591.0,30.0,228.0,27.4,21271.0,0
245,249,Bronx_356,2317.0,41.5,187.0,20.0,27472.0,1
246,250,Bronx_358,7068.0,35.5,401.0,20.0,30504.0,3
247,251,Bronx_359,2035.0,36.4,165.0,3.4,13521.0,0
248,252,Bronx_360,3203.0,42.3,193.0,19.4,30543.0,1
249,253,Bronx_361,6028.0,32.4,478.0,9.3,9752.0,3
250,254,Bronx_363,7836.0,27.4,369.0,9.8,12746.0,3
251,255,Bronx_364,2550.0,39.1,195.0,18.7,31703.0,1
252,256,Bronx_365.01,3801.0,29.2,236.0,9.8,12854.0,0
253,257,Bronx_365.02,2077.0,31.5,197.0,7.4,13185.0,0
254,258,Bronx_367,2724.0,25.1,143.0,11.1,13396.0,0
255,259,Bronx_368,2158.0,33.7,182.0,9.8,26806.0,0
256,260,Bronx_369.01,2235.0,29.6,140.0,3.8,11618.0,0
257,261,Bronx_369.02,2197.0,31.6,168.0,6.7,13344.0,0
258,262,Bronx_370,2416.0,38.3,176.0,10.7,25838.0,0
259,263,Bronx_371,4212.0,38.8,328.0,12.3,14803.0,0
260,264,Bronx_372,2166.0,33.0,137.0,14.1,26339.0,0
261,265,Bronx_373,5719.0,29.4,333.0,8.8,17939.0,3
262,266,Bronx_374,3884.0,31.9,252.0,10.1,17233.0,0
263,267,Bronx_375.04,3472.0,30.3,224.0,9.3,11594.0,0
264,268,Bronx_376,2454.0,30.6,270.0,16.9,25463.0,0
265,269,Bronx_378,3295.0,30.5,235.0,10.9,21674.0,0
266,270,Bronx_379,5027.0,28.4,333.0,7.2,13074.0,0
267,271,Bronx_380,4816.0,35.3,278.0,20.3,21046.0,3
268,272,Bronx_381,6790.0,30.4,411.0,4.8,20313.0,3
269,273,Bronx_382,2831.0,36.5,187.0,10.0,28705.0,0
270,274,Bronx_383.01,4604.0,30.8,246.0,3.6,16526.0,0
271,275,Bronx_383.02,5991.0,27.4,287.0,6.4,14279.0,3
272,276,Bronx_385,4757.0,29.0,293.0,7.1,15044.0,0
273,277,Bronx_386,8096.0,31.7,630.0,14.2,26644.0,3
274,278,Bronx_387,3375.0,27.1,211.0,11.9,14814.0,0
275,279,Bronx_388,2552.0,37.5,218.0,12.7,31202.0,1
276,280,Bronx_389,5492.0,24.6,335.0,10.3,13377.0,3
277,281,Bronx_390,2841.0,32.4,291.0,8.9,24668.0,0
278,282,Bronx_391,7073.0,29.3,516.0,11.6,17262.0,3
279,283,Bronx_392,1955.0,35.2,156.0,12.2,20112.0,0
280,284,Bronx_393,9438.0,27.1,529.0,5.5,13653.0,3
281,285,Bronx_394,4948.0,33.0,275.0,6.1,19155.0,3
282,286,Bronx_395,4185.0,28.8,250.0,11.5,18557.0,0
283,287,Bronx_396,4505.0,30.5,346.0,8.8,21372.0,0
284,288,Bronx_397,3994.0,20.0,119.0,7.4,3421.0,0
285,289,Bronx_398,3004.0,38.2,205.0,26.9,32868.0,1
286,290,Bronx_399.01,5536.0,32.6,299.0,6.7,13240.0,3
287,291,Bronx_399.02,5545.0,31.4,253.0,7.9,16098.0,3
288,292,Bronx_401,4652.0,32.7,425.0,5.6,19092.0,0
289,293,Bronx_403.02,4265.0,32.0,248.0,8.7,19991.0,0
290,294,Bronx_403.03,4974.0,30.4,302.0,7.1,19343.0,0
291,295,Bronx_403.04,3943.0,24.4,222.0,13.7,17786.0,0
292,296,Bronx_404,3139.0,34.3,300.0,15.5,27040.0,0
293,297,Bronx_405.01,4698.0,28.1,349.0,6.8,18900.0,0
294,298,Bronx_405.02,6636.0,30.6,392.0,12.0,15500.0,3
295,299,Bronx_406,3593.0,36.7,292.0,11.9,23750.0,0
296,300,Bronx_407.01,3140.0,34.4,225.0,13.7,23250.0,0
297,301,Bronx_407.02,6823.0,31.0,603.0,8.9,20702.0,3
298,302,Bronx_408,4780.0,29.3,289.0,14.0,19463.0,0
299,303,Bronx_409,3138.0,45.6,196.0,22.6,31686.0,1
300,304,Bronx_411,3158.0,30.9,218.0,20.0,17312.0,0
301,305,Bronx_413,7429.0,33.0,458.0,14.4,25910.0,3
302,306,Bronx_414,4776.0,43.9,349.0,18.6,27738.0,1
303,307,Bronx_415,6031.0,30.9,297.0,14.1,30171.0,3
304,308,Bronx_418,4302.0,33.8,235.0,16.0,19030.0,0
305,309,Bronx_419,7168.0,34.0,448.0,17.9,26753.0,3
306,310,Bronx_420,3639.0,34.6,188.0,11.2,21695.0,0
307,311,Bronx_421,5576.0,31.3,383.0,10.4,19100.0,3
308,312,Bronx_422,3387.0,42.0,331.0,11.6,27018.0,1
309,313,Bronx_423,4384.0,30.7,327.0,15.4,25968.0,0
310,314,Bronx_424,2680.0,41.2,221.0,17.2,28917.0,1
311,315,Bronx_425,6494.0,26.9,316.0,13.8,16872.0,3
312,316,Bronx_426,6893.0,40.8,559.0,22.4,27985.0,3
313,317,Bronx_428,1996.0,44.9,189.0,18.3,32000.0,1
314,318,Bronx_429.01,4154.0,33.0,250.0,15.2,18348.0,0
315,319,Bronx_429.02,4544.0,32.2,265.0,17.4,17213.0,0
316,320,Bronx_430,3804.0,36.3,359.0,24.5,30199.0,1
317,321,Bronx_431,10346.0,35.4,724.0,10.9,16562.0,3
318,322,Bronx_434,3937.0,33.6,222.0,13.4,22001.0,0
319,323,Bronx_435,62.0,23.8,20.0,0.0,15625.0,0
320,324,Bronx_436,2179.0,40.5,156.0,21.0,36649.0,1
321,325,Bronx_442,3533.0,33.9,240.0,13.6,21454.0,0
322,326,Bronx_444,3728.0,40.5,266.0,17.9,26894.0,1
323,327,Bronx_448,2054.0,42.1,191.0,24.0,32690.0,1
324,328,Bronx_449.01,1450.0,40.1,112.0,15.2,38490.0,1
325,329,Bronx_449.02,1994.0,37.4,144.0,27.5,34195.0,1
326,330,Bronx_451.01,1548.0,36.9,113.0,21.4,46319.0,2
327,331,Bronx_451.02,1870.0,40.7,206.0,17.8,46026.0,1
328,332,Bronx_456,2988.0,44.1,285.0,13.8,38306.0,1
329,333,Bronx_458,5211.0,27.0,295.0,15.3,12313.0,3
330,334,Bronx_460,2888.0,35.5,238.0,4.6,19413.0,0
331,335,Bronx_462.01,29256.0,48.5,1235.0,15.6,31176.0,3
332,336,Bronx_462.02,9410.0,35.7,520.0,16.1,21250.0,3
333,337,Bronx_484,4054.0,39.0,277.0,17.9,30683.0,1
334,338,Bronx_504,65.0,26.9,42.0,0.0,22891.0,0
335,339,Bronx_516,4034.0,48.3,362.0,19.1,48966.0,1
336,340,Brooklyn_1,4224.0,46.3,319.0,32.8,53828.0,2
337,341,Brooklyn_2,1638.0,31.1,148.0,5.2,17030.0,0
338,342,Brooklyn_3.01,4246.0,41.1,362.0,28.0,74782.0,2
339,343,Brooklyn_5.01,4697.0,31.8,228.0,39.8,46146.0,2
340,344,Brooklyn_5.02,2618.0,37.0,162.0,34.4,82664.0,2
341,345,Brooklyn_7,4110.0,36.5,297.0,42.4,81333.0,2
342,346,Brooklyn_9,4245.0,33.4,299.0,41.9,81500.0,2
343,347,Brooklyn_11,1124.0,31.1,91.0,41.0,76282.0,2
344,348,Brooklyn_13,2565.0,36.9,242.0,24.1,70731.0,2
345,349,Brooklyn_15,6390.0,31.9,301.0,37.9,50787.0,2
346,350,Brooklyn_18,2073.0,37.0,855.0,0.8,14575.0,0
347,351,Brooklyn_20,1265.0,31.5,152.0,11.1,20396.0,0
348,352,Brooklyn_21,4628.0,34.5,283.0,41.1,102420.0,2
349,353,Brooklyn_22,4976.0,38.7,342.0,13.6,19226.0,3
350,354,Brooklyn_23,4389.0,31.3,262.0,8.8,12836.0,0
351,355,Brooklyn_29.01,4074.0,31.5,276.0,4.7,12153.0,0
352,356,Brooklyn_30,1792.0,33.6,153.0,32.6,47260.0,2
353,357,Brooklyn_31,2879.0,41.2,208.0,26.2,30588.0,1
354,358,Brooklyn_33,3171.0,33.8,218.0,30.6,61185.0,2
355,359,Brooklyn_34,2829.0,49.2,183.0,24.9,42882.0,1
356,360,Brooklyn_35,1589.0,38.2,107.0,32.3,40921.0,2
357,361,Brooklyn_36,4342.0,37.0,275.0,32.9,46379.0,2
358,362,Brooklyn_37,1214.0,31.1,81.0,37.8,72250.0,2
359,363,Brooklyn_38,1459.0,47.3,114.0,31.7,45288.0,2
360,364,Brooklyn_39,2458.0,34.8,165.0,38.6,62093.0,2
361,365,Brooklyn_41,3653.0,38.3,327.0,33.3,61745.0,2
362,366,Brooklyn_43,3260.0,35.6,197.0,39.9,63915.0,2
363,367,Brooklyn_44,2255.0,45.7,120.0,33.5,50000.0,2
364,368,Brooklyn_45,3465.0,34.8,197.0,35.2,78848.0,2
365,369,Brooklyn_46,1338.0,44.8,78.0,33.5,61500.0,2
366,370,Brooklyn_47,2142.0,36.3,114.0,33.5,60927.0,2
367,371,Brooklyn_49,2599.0,36.7,234.0,30.9,56988.0,2
368,372,Brooklyn_50,2449.0,41.3,153.0,32.9,58444.0,2
369,373,Brooklyn_51,2392.0,38.0,152.0,25.7,62917.0,2
370,374,Brooklyn_52.01,1623.0,60.9,155.0,28.2,26154.0,1
371,375,Brooklyn_52.02,2464.0,43.8,158.0,34.1,53271.0,2
372,376,Brooklyn_53,2424.0,34.7,148.0,29.5,39132.0,2
373,377,Brooklyn_54,3160.0,45.7,240.0,29.1,45192.0,2
374,378,Brooklyn_56.01,2310.0,46.7,154.0,30.9,37430.0,1
375,379,Brooklyn_56.02,1622.0,37.1,102.0,36.1,45993.0,2
376,380,Brooklyn_58,3106.0,39.7,238.0,29.2,31281.0,1
377,381,Brooklyn_59,1397.0,34.2,126.0,41.6,36818.0,2
378,382,Brooklyn_60,2541.0,35.9,246.0,23.0,30265.0,1
379,383,Brooklyn_62,2916.0,37.6,171.0,28.5,37407.0,2
380,384,Brooklyn_63,1885.0,37.2,140.0,41.5,62969.0,2
381,385,Brooklyn_64,2975.0,47.4,242.0,23.0,30517.0,1
382,386,Brooklyn_65,5763.0,38.3,406.0,40.1,61724.0,2
383,387,Brooklyn_66,3528.0,39.8,253.0,21.9,32246.0,1
384,388,Brooklyn_67,3867.0,36.6,217.0,36.3,63135.0,2
385,389,Brooklyn_68,4731.0,33.6,276.0,18.8,23296.0,0
386,390,Brooklyn_69,3417.0,34.2,223.0,47.1,67022.0,2
387,391,Brooklyn_70,2470.0,40.8,173.0,27.6,26967.0,1
388,392,Brooklyn_71,4943.0,36.8,281.0,17.6,18848.0,3
389,393,Brooklyn_72,2127.0,29.8,179.0,4.8,16267.0,0
390,394,Brooklyn_74,5767.0,32.7,418.0,11.7,18175.0,3
391,395,Brooklyn_75,4543.0,38.1,351.0,37.3,65853.0,2
392,396,Brooklyn_76,4936.0,30.9,322.0,12.8,18294.0,0
393,397,Brooklyn_77,4705.0,37.8,457.0,38.2,64279.0,2
394,398,Brooklyn_78,5518.0,31.9,326.0,14.9,18977.0,3
395,399,Brooklyn_80,4133.0,30.8,257.0,18.5,23683.0,0
396,400,Brooklyn_82,4306.0,30.6,253.0,15.7,20073.0,0
397,401,Brooklyn_84,3784.0,35.4,311.0,10.7,19406.0,0
398,402,Brooklyn_85,7281.0,31.8,288.0,3.5,10287.0,3
399,404,Brooklyn_88,3399.0,33.3,258.0,15.7,25515.0,0
400,405,Brooklyn_90,3206.0,31.3,195.0,9.6,16185.0,0
401,406,Brooklyn_92,5488.0,33.2,288.0,10.2,16792.0,3
402,407,Brooklyn_94,5571.0,32.9,320.0,14.1,16492.0,3
403,408,Brooklyn_96,6103.0,35.0,331.0,9.1,19306.0,3
404,409,Brooklyn_98,8144.0,29.9,495.0,5.0,16399.0,3
405,410,Brooklyn_100,6642.0,32.3,326.0,8.1,15467.0,3
406,411,Brooklyn_101,4297.0,31.8,230.0,15.1,27685.0,0
407,412,Brooklyn_102,5291.0,31.5,415.0,8.0,19926.0,3
408,413,Brooklyn_104,5904.0,33.6,371.0,10.0,15169.0,3
409,414,Brooklyn_106,5240.0,32.6,411.0,13.7,14714.0,3
410,415,Brooklyn_108,4108.0,36.7,331.0,9.9,15927.0,0
411,416,Brooklyn_110,2670.0,28.1,195.0,9.9,19142.0,0
412,417,Brooklyn_112,6707.0,30.6,294.0,13.3,14465.0,3
413,418,Brooklyn_114,4664.0,31.1,332.0,8.8,18879.0,0
414,419,Brooklyn_116,4189.0,31.2,413.0,7.0,16289.0,0
415,420,Brooklyn_117,2796.0,33.1,268.0,39.0,42629.0,2
416,421,Brooklyn_118,2072.0,32.4,186.0,5.7,15697.0,0
417,422,Brooklyn_119,1654.0,34.1,106.0,29.3,43611.0,2
418,423,Brooklyn_120,1305.0,34.4,118.0,6.6,17464.0,0
419,424,Brooklyn_121,1801.0,33.4,121.0,38.4,45458.0,2
420,425,Brooklyn_122,5787.0,30.5,353.0,8.9,15255.0,3
421,426,Brooklyn_126,2852.0,34.4,139.0,17.9,20374.0,0
422,427,Brooklyn_127,4204.0,33.2,297.0,22.4,24138.0,0
423,428,Brooklyn_128.01,2139.0,35.2,147.0,16.9,23468.0,0
424,429,Brooklyn_129.01,2462.0,34.4,236.0,44.6,59643.0,2
425,430,Brooklyn_129.02,1908.0,33.7,137.0,36.9,52287.0,2
426,431,Brooklyn_130,5203.0,35.2,250.0,21.6,26926.0,3
427,432,Brooklyn_131,4137.0,34.7,342.0,42.7,66131.0,2
428,433,Brooklyn_132,2186.0,35.5,159.0,17.0,24740.0,0
429,434,Brooklyn_133,4657.0,35.2,190.0,37.6,78153.0,2
430,435,Brooklyn_134,3916.0,38.7,216.0,30.4,40334.0,2
431,436,Brooklyn_135,3594.0,36.2,245.0,34.1,64976.0,2
432,437,Brooklyn_136,3946.0,36.0,223.0,31.3,37222.0,2
433,438,Brooklyn_137,3497.0,37.2,184.0,31.5,50568.0,2
434,439,Brooklyn_138,3217.0,38.3,292.0,22.0,30118.0,1
435,440,Brooklyn_139,3621.0,32.6,257.0,33.1,55319.0,2
436,441,Brooklyn_140,1899.0,39.4,138.0,24.6,29250.0,1
437,442,Brooklyn_141,3385.0,35.1,216.0,33.2,45417.0,2
438,443,Brooklyn_142,3192.0,35.9,232.0,29.0,30375.0,1
439,444,Brooklyn_143,3561.0,34.8,266.0,31.0,44191.0,2
440,445,Brooklyn_145,4507.0,31.2,246.0,28.8,31133.0,2
441,446,Brooklyn_147,2263.0,33.6,192.0,31.9,39758.0,2
442,447,Brooklyn_148,1337.0,45.7,97.0,19.7,28828.0,1
443,448,Brooklyn_149,5814.0,35.5,428.0,33.0,53964.0,2
444,449,Brooklyn_150,1487.0,45.2,144.0,18.3,36366.0,1
445,450,Brooklyn_151,4136.0,35.5,180.0,31.0,62430.0,2
446,451,Brooklyn_152,2690.0,38.2,199.0,26.0,34276.0,1
447,452,Brooklyn_153,2746.0,38.3,201.0,36.7,64563.0,2
448,454,Brooklyn_155,3688.0,35.9,211.0,40.8,66081.0,2
449,455,Brooklyn_157,4198.0,35.6,294.0,39.0,72297.0,2
450,456,Brooklyn_159,5125.0,38.0,391.0,35.4,74894.0,2
451,457,Brooklyn_160,3989.0,40.2,259.0,22.0,35409.0,1
452,458,Brooklyn_161,3239.0,33.8,164.0,37.1,52946.0,2
453,459,Brooklyn_162,2275.0,43.3,155.0,24.9,42409.0,1
454,460,Brooklyn_163,3299.0,36.7,293.0,34.8,50317.0,2
455,461,Brooklyn_164,634.0,21.3,89.0,47.9,53897.0,2
456,462,Brooklyn_165,5619.0,36.0,301.0,33.0,83178.0,2
457,463,Brooklyn_166,1842.0,48.9,148.0,25.9,41404.0,1
458,464,Brooklyn_167,5482.0,36.6,293.0,39.7,67106.0,2
459,465,Brooklyn_168,1852.0,43.8,159.0,30.5,42471.0,2
460,466,Brooklyn_169,4682.0,34.5,311.0,41.3,52014.0,2
461,467,Brooklyn_170,3935.0,38.0,290.0,19.8,28438.0,1
462,468,Brooklyn_171,3986.0,37.6,183.0,37.7,55341.0,2
463,469,Brooklyn_172,3877.0,33.2,426.0,23.2,29206.0,0
464,470,Brooklyn_174,1993.0,41.5,131.0,25.9,37448.0,1
465,472,Brooklyn_176,2437.0,38.1,208.0,18.1,27578.0,1
466,474,Brooklyn_178,3219.0,34.9,216.0,25.8,21680.0,0
467,475,Brooklyn_179,4274.0,39.8,272.0,24.5,25966.0,1
468,476,Brooklyn_180,3479.0,37.0,207.0,18.9,30180.0,1
469,477,Brooklyn_181,3531.0,37.4,302.0,38.8,65796.0,2
470,478,Brooklyn_182,3542.0,35.9,225.0,15.9,18646.0,0
471,479,Brooklyn_183,2934.0,34.6,212.0,37.5,54144.0,2
472,480,Brooklyn_184,2718.0,40.0,195.0,23.7,31915.0,1
473,481,Brooklyn_185.01,4788.0,32.9,295.0,5.0,14601.0,0
474,482,Brooklyn_186,2289.0,37.4,161.0,25.3,27039.0,1
475,483,Brooklyn_187,1471.0,34.0,143.0,31.9,38578.0,2
476,484,Brooklyn_188,2831.0,35.4,164.0,14.8,31425.0,0
477,485,Brooklyn_190,4918.0,34.0,331.0,15.6,21206.0,3
478,486,Brooklyn_191,2676.0,29.5,219.0,37.6,35348.0,2
479,487,Brooklyn_192,3510.0,30.0,182.0,16.0,20558.0,0
480,488,Brooklyn_193,5891.0,29.4,305.0,23.3,31196.0,3
481,489,Brooklyn_194,3838.0,34.6,305.0,13.5,19202.0,0
482,490,Brooklyn_195,3886.0,36.3,295.0,33.3,40372.0,2
483,491,Brooklyn_196,4844.0,37.4,338.0,12.4,18376.0,3
484,492,Brooklyn_197,3632.0,40.5,257.0,33.0,54438.0,2
485,493,Brooklyn_198,1877.0,44.2,184.0,12.3,31425.0,1
486,494,Brooklyn_199,3454.0,35.3,332.0,34.8,46761.0,2
487,495,Brooklyn_200,2301.0,42.4,150.0,13.3,21453.0,1
488,496,Brooklyn_201,3828.0,32.7,237.0,45.1,52405.0,2
489,497,Brooklyn_202,2019.0,42.4,164.0,16.5,26189.0,1
490,498,Brooklyn_203,1776.0,34.0,156.0,36.1,44766.0,2
491,499,Brooklyn_204,2016.0,40.7,161.0,14.9,30056.0,1
492,500,Brooklyn_205,2703.0,35.0,220.0,33.0,48891.0,2
493,501,Brooklyn_206,2558.0,40.8,148.0,24.8,41250.0,1
494,502,Brooklyn_207,4310.0,37.9,256.0,31.6,53488.0,2
495,503,Brooklyn_208,3192.0,39.4,313.0,19.4,19592.0,1
496,504,Brooklyn_210,4514.0,38.5,268.0,17.5,19479.0,0
497,505,Brooklyn_211,1577.0,35.3,125.0,24.2,29464.0,1
498,506,Brooklyn_212,5138.0,36.8,400.0,8.5,16303.0,3
499,507,Brooklyn_213,4267.0,34.3,251.0,19.7,31543.0,0
500,508,Brooklyn_214,2382.0,26.9,172.0,11.6,22500.0,0
501,509,Brooklyn_215,5166.0,37.0,354.0,28.2,47520.0,2
502,510,Brooklyn_216,4583.0,22.7,214.0,14.5,19800.0,0
503,511,Brooklyn_217,3906.0,33.0,195.0,30.7,35791.0,2
504,512,Brooklyn_218,4381.0,21.6,282.0,10.3,17333.0,0
505,513,Brooklyn_219,3639.0,33.5,276.0,23.4,30239.0,0
506,514,Brooklyn_220,4538.0,24.4,276.0,9.2,16519.0,0
507,515,Brooklyn_221,4014.0,34.0,264.0,23.3,31276.0,1
508,516,Brooklyn_222,4180.0,22.5,194.0,12.4,18776.0,0
509,517,Brooklyn_224,5895.0,22.7,257.0,14.3,17523.0,3
510,518,Brooklyn_226,2287.0,28.7,208.0,6.7,17926.0,0
511,519,Brooklyn_227,3972.0,32.9,377.0,27.2,35000.0,2
512,520,Brooklyn_228,3313.0,23.7,155.0,10.8,13537.0,0
513,521,Brooklyn_229,3719.0,32.7,245.0,36.1,40522.0,2
514,522,Brooklyn_230,4141.0,24.5,349.0,9.8,16778.0,0
515,523,Brooklyn_231,3535.0,33.1,239.0,34.5,36285.0,2
516,524,Brooklyn_232,5606.0,22.4,320.0,9.0,15808.0,3
517,525,Brooklyn_233,4939.0,34.1,269.0,22.7,25250.0,3
518,526,Brooklyn_234,4957.0,21.9,236.0,6.1,16122.0,0
519,527,Brooklyn_235,4062.0,25.2,197.0,23.5,25506.0,0
520,528,Brooklyn_236,5567.0,22.5,207.0,12.8,14737.0,3
521,529,Brooklyn_238,4043.0,27.6,320.0,6.5,17209.0,0
522,530,Brooklyn_240,4310.0,23.5,243.0,9.2,17609.0,0
523,531,Brooklyn_241,2712.0,32.2,287.0,24.2,31250.0,0
524,532,Brooklyn_242,2987.0,27.6,173.0,10.9,23188.0,0
525,533,Brooklyn_243,4168.0,34.1,382.0,30.9,28913.0,2
526,534,Brooklyn_244,3782.0,23.7,129.0,14.0,20828.0,0
527,535,Brooklyn_245,4223.0,34.5,383.0,27.7,31594.0,1
528,536,Brooklyn_246,3083.0,37.1,196.0,20.7,28575.0,1
529,537,Brooklyn_247,2295.0,31.9,161.0,20.8,24052.0,0
530,538,Brooklyn_248,3048.0,31.0,118.0,10.7,24720.0,0
531,539,Brooklyn_249,4208.0,34.4,348.0,30.4,36084.0,2
532,540,Brooklyn_250,1349.0,46.8,128.0,11.6,20223.0,1
533,541,Brooklyn_251,3473.0,32.9,290.0,17.6,15987.0,0
534,542,Brooklyn_252,5334.0,36.1,252.0,18.4,20697.0,3
535,543,Brooklyn_253,2811.0,31.3,253.0,29.4,31401.0,2
536,544,Brooklyn_254,4347.0,36.5,286.0,23.0,22119.0,1
537,545,Brooklyn_255,5613.0,27.1,248.0,5.8,12143.0,3
538,546,Brooklyn_256,3166.0,38.9,295.0,18.9,20155.0,1
539,547,Brooklyn_257,2442.0,27.8,199.0,24.6,21340.0,0
540,548,Brooklyn_258,4242.0,38.1,386.0,21.9,18074.0,1
541,549,Brooklyn_259.01,1981.0,30.5,175.0,22.7,26337.0,0
542,550,Brooklyn_259.02,3736.0,25.6,193.0,4.0,10096.0,0
543,551,Brooklyn_260,3428.0,44.7,249.0,15.2,25000.0,1
544,552,Brooklyn_261,4591.0,31.2,440.0,24.1,25420.0,0
545,553,Brooklyn_262,2404.0,40.3,181.0,24.0,22545.0,1
546,554,Brooklyn_263,1865.0,31.9,180.0,25.8,24714.0,0
547,555,Brooklyn_264,4743.0,38.4,338.0,15.7,23304.0,3
548,556,Brooklyn_265,3594.0,34.0,322.0,21.1,30388.0,0
549,557,Brooklyn_266,3607.0,39.3,276.0,14.3,24544.0,1
550,558,Brooklyn_267,3897.0,39.0,237.0,21.3,34271.0,1
551,559,Brooklyn_268,3667.0,36.9,344.0,17.2,23848.0,0
552,560,Brooklyn_269,2979.0,37.5,268.0,13.0,25026.0,0
553,561,Brooklyn_270,2420.0,36.8,168.0,26.0,23750.0,1
554,562,Brooklyn_271,2658.0,34.8,204.0,21.2,30724.0,1
555,563,Brooklyn_272,3684.0,33.5,290.0,20.8,20842.0,0
556,564,Brooklyn_273,2895.0,39.4,249.0,15.0,30497.0,1
557,565,Brooklyn_274,3084.0,42.0,283.0,12.9,25507.0,1
558,566,Brooklyn_275,4500.0,33.9,364.0,24.3,34846.0,1
559,567,Brooklyn_276,4132.0,32.7,281.0,16.6,21905.0,0
560,568,Brooklyn_277,4832.0,29.4,279.0,15.0,25115.0,0
561,569,Brooklyn_278,3461.0,36.9,283.0,21.3,24813.0,1
562,570,Brooklyn_279,4057.0,33.1,289.0,17.0,30805.0,0
563,571,Brooklyn_280,1666.0,38.1,100.0,18.8,30605.0,1
564,572,Brooklyn_281,4798.0,28.9,269.0,10.5,18525.0,0
565,573,Brooklyn_282,3245.0,39.4,246.0,22.1,22127.0,1
566,574,Brooklyn_283,4142.0,30.9,328.0,8.0,16391.0,0
567,575,Brooklyn_284,3759.0,39.2,284.0,17.0,26822.0,1
568,576,Brooklyn_285.01,432.0,34.3,119.0,27.0,29375.0,1
569,577,Brooklyn_285.02,2749.0,37.2,165.0,4.8,12155.0,0
570,578,Brooklyn_286,4646.0,37.9,503.0,22.6,24899.0,1
571,579,Brooklyn_287,2686.0,35.9,292.0,17.0,21168.0,0
572,580,Brooklyn_288,3580.0,33.9,306.0,22.6,25238.0,0
573,581,Brooklyn_289,3560.0,30.4,251.0,13.4,27061.0,0
574,582,Brooklyn_290,3988.0,41.9,203.0,26.9,26995.0,1
575,583,Brooklyn_291,2909.0,32.9,274.0,17.8,28782.0,0
576,584,Brooklyn_292,2814.0,37.9,214.0,23.9,23463.0,1
577,585,Brooklyn_293,3419.0,35.3,321.0,19.5,21519.0,0
578,586,Brooklyn_294,2460.0,51.7,279.0,11.3,16907.0,1
579,587,Brooklyn_295,3860.0,35.6,280.0,29.3,33393.0,2
580,588,Brooklyn_296,5445.0,40.5,375.0,24.4,25175.0,1
581,589,Brooklyn_297,4198.0,34.7,263.0,22.7,35065.0,1
582,590,Brooklyn_298,4036.0,38.1,312.0,18.3,25625.0,1
583,591,Brooklyn_299,2791.0,31.7,232.0,4.8,17625.0,0
584,592,Brooklyn_300,4010.0,38.4,269.0,17.4,20521.0,0
585,593,Brooklyn_301,2621.0,39.3,225.0,19.5,29391.0,1
586,594,Brooklyn_302,4461.0,42.6,224.0,21.9,23578.0,1
587,595,Brooklyn_303,5319.0,28.4,317.0,11.4,20423.0,3
588,596,Brooklyn_304,3888.0,44.3,209.0,24.1,24380.0,1
589,597,Brooklyn_305,6042.0,32.9,452.0,36.3,37566.0,2
590,598,Brooklyn_306,1955.0,38.3,173.0,17.1,25991.0,1
591,599,Brooklyn_307,4427.0,30.4,271.0,16.1,19395.0,0
592,600,Brooklyn_308,1903.0,49.0,146.0,16.5,24049.0,1
593,601,Brooklyn_309,2021.0,31.8,122.0,12.2,24630.0,0
594,602,Brooklyn_311,2972.0,34.4,372.0,20.7,25506.0,0
595,603,Brooklyn_313,4657.0,39.9,400.0,17.1,30707.0,1
596,604,Brooklyn_314,4761.0,45.6,324.0,19.4,32288.0,1
597,605,Brooklyn_315,5234.0,32.3,467.0,36.1,35352.0,2
598,606,Brooklyn_317.01,3491.0,31.1,295.0,33.6,32277.0,2
599,607,Brooklyn_317.02,3733.0,30.4,323.0,26.6,35380.0,2
600,608,Brooklyn_319,3841.0,30.5,274.0,24.8,30320.0,0
601,609,Brooklyn_321,6006.0,32.7,476.0,21.5,21726.0,3
602,610,Brooklyn_323,3823.0,35.4,242.0,26.0,33849.0,1
603,611,Brooklyn_325,6538.0,36.8,409.0,14.2,28391.0,3
604,612,Brooklyn_326,7167.0,27.0,477.0,9.8,12283.0,3
605,613,Brooklyn_327,2509.0,43.7,216.0,21.2,32018.0,1
606,614,Brooklyn_328,2457.0,50.0,216.0,11.6,24535.0,1
607,615,Brooklyn_329,5997.0,33.9,334.0,17.2,25694.0,3
608,616,Brooklyn_330,4606.0,36.3,275.0,13.1,13660.0,0
609,617,Brooklyn_331,4058.0,29.6,263.0,13.7,21347.0,0
610,618,Brooklyn_333,4736.0,26.0,225.0,18.4,22547.0,0
611,619,Brooklyn_335,3033.0,24.6,165.0,27.7,21862.0,0
612,620,Brooklyn_336,3940.0,42.7,365.0,23.1,36032.0,1
613,621,Brooklyn_337,4098.0,31.3,243.0,14.5,31749.0,0
614,622,Brooklyn_339,4788.0,34.8,348.0,13.7,22500.0,0
615,623,Brooklyn_340,2174.0,59.0,236.0,17.1,11096.0,1
616,624,Brooklyn_341,2767.0,38.2,230.0,24.6,27445.0,1
617,625,Brooklyn_342,5838.0,45.3,299.0,17.6,10015.0,3
618,626,Brooklyn_343,4809.0,36.1,262.0,15.3,17460.0,3
619,627,Brooklyn_345,3188.0,32.7,273.0,9.3,20457.0,0
620,628,Brooklyn_347,3376.0,35.5,218.0,13.3,23058.0,0
621,629,Brooklyn_348,2483.0,32.8,205.0,15.3,21547.0,0
622,630,Brooklyn_349,5932.0,30.8,264.0,11.0,21525.0,3
623,631,Brooklyn_350,2721.0,56.6,195.0,25.4,18563.0,1
624,632,Brooklyn_351,4280.0,38.5,312.0,7.3,22329.0,0
625,633,Brooklyn_352,1012.0,74.4,236.0,13.1,10847.0,1
626,634,Brooklyn_353,4903.0,35.4,317.0,20.2,25701.0,3
627,635,Brooklyn_354,5341.0,58.8,341.0,30.2,31512.0,1
628,636,Brooklyn_355,5660.0,32.3,326.0,12.5,25400.0,3
629,637,Brooklyn_356.01,2683.0,58.6,171.0,24.8,21637.0,1
630,638,Brooklyn_356.02,5009.0,55.4,317.0,30.8,20790.0,1
631,639,Brooklyn_357,2494.0,28.7,114.0,7.6,18824.0,0
632,640,Brooklyn_359,5234.0,35.3,260.0,6.2,23107.0,3
633,641,Brooklyn_360.01,2923.0,60.8,182.0,25.6,15140.0,1
634,642,Brooklyn_360.02,4062.0,57.9,394.0,19.4,10190.0,1
635,643,Brooklyn_361,2621.0,41.5,236.0,7.7,18896.0,0
636,644,Brooklyn_362,3371.0,35.1,284.0,25.9,20600.0,0
637,645,Brooklyn_363,3917.0,34.8,271.0,9.8,20855.0,0
638,646,Brooklyn_364,2237.0,38.8,190.0,28.7,21998.0,1
639,647,Brooklyn_365.01,2758.0,38.3,236.0,23.2,28463.0,1
640,648,Brooklyn_365.02,1280.0,36.1,212.0,6.9,18750.0,0
641,649,Brooklyn_366,4995.0,38.0,309.0,22.3,18602.0,3
642,650,Brooklyn_367,1296.0,34.6,121.0,18.6,25625.0,0
643,651,Brooklyn_369,5504.0,29.3,354.0,13.0,26049.0,3
644,652,Brooklyn_370,4303.0,41.0,280.0,26.9,35280.0,1
645,653,Brooklyn_371,4608.0,31.3,305.0,15.7,29951.0,0
646,654,Brooklyn_373,4101.0,28.4,248.0,14.8,23989.0,0
647,655,Brooklyn_374.01,4264.0,39.6,309.0,26.1,27111.0,1
648,656,Brooklyn_374.02,4977.0,42.3,365.0,24.5,20818.0,1
649,657,Brooklyn_375,3170.0,31.1,306.0,12.3,26768.0,0
650,658,Brooklyn_377,4013.0,35.2,342.0,16.8,29898.0,0
651,659,Brooklyn_379,3573.0,30.9,237.0,12.7,25099.0,0
652,660,Brooklyn_381,5187.0,34.4,284.0,12.2,20627.0,3
653,661,Brooklyn_382,5893.0,31.7,377.0,10.2,11388.0,3
654,662,Brooklyn_383,4399.0,34.2,284.0,27.4,36420.0,2
655,663,Brooklyn_385,3462.0,32.9,312.0,29.7,31195.0,2
656,664,Brooklyn_386,3706.0,41.3,301.0,16.5,21153.0,1
657,665,Brooklyn_387,4347.0,32.9,301.0,17.4,24196.0,0
658,666,Brooklyn_388,3651.0,36.4,231.0,23.7,31910.0,1
659,667,Brooklyn_389,3063.0,32.1,235.0,25.6,22941.0,0
660,668,Brooklyn_390,2349.0,31.3,145.0,22.0,28094.0,0
661,669,Brooklyn_391,3157.0,28.5,319.0,22.8,21250.0,0
662,670,Brooklyn_392,2860.0,28.9,189.0,27.3,30125.0,0
663,671,Brooklyn_393,3672.0,32.3,363.0,20.2,23588.0,0
664,672,Brooklyn_394,2466.0,29.8,177.0,17.1,27019.0,0
665,673,Brooklyn_395,4359.0,31.3,373.0,14.7,19909.0,0
666,674,Brooklyn_396,2028.0,28.5,163.0,12.4,40372.0,0
667,675,Brooklyn_397,3458.0,34.2,257.0,14.4,22029.0,0
668,676,Brooklyn_398,2829.0,37.2,203.0,18.1,21678.0,0
669,677,Brooklyn_399,3434.0,31.7,286.0,14.5,22313.0,0
670,678,Brooklyn_400,3325.0,39.0,236.0,11.0,21807.0,0
671,679,Brooklyn_401,3197.0,29.5,235.0,19.2,23189.0,0
672,680,Brooklyn_402,2749.0,38.0,178.0,16.7,19745.0,0
673,681,Brooklyn_403,3770.0,31.5,472.0,9.8,25432.0,0
674,682,Brooklyn_404,2343.0,42.3,189.0,16.1,25183.0,1
675,683,Brooklyn_405,1590.0,30.8,178.0,18.0,36150.0,0
676,684,Brooklyn_406,3117.0,37.8,246.0,21.1,21941.0,1
677,686,Brooklyn_408,3391.0,33.5,349.0,19.2,24225.0,0
678,687,Brooklyn_409,3663.0,30.2,254.0,13.4,21723.0,0
679,688,Brooklyn_410,1887.0,43.9,128.0,15.5,21557.0,1
680,689,Brooklyn_411,3158.0,34.3,324.0,7.7,19180.0,0
681,690,Brooklyn_412,3141.0,33.9,248.0,13.2,21532.0,0
682,691,Brooklyn_413,4217.0,32.4,305.0,11.7,21382.0,0
683,692,Brooklyn_414.01,1493.0,35.4,134.0,18.6,24283.0,0
684,693,Brooklyn_414.02,1765.0,38.3,121.0,25.8,26372.0,1
685,694,Brooklyn_415,4311.0,29.2,228.0,12.4,23769.0,0
686,695,Brooklyn_416,2532.0,28.7,174.0,15.7,16625.0,0
687,696,Brooklyn_417,3208.0,33.4,306.0,9.0,16828.0,0
688,697,Brooklyn_418,2713.0,26.4,154.0,13.4,22485.0,0
689,698,Brooklyn_419,3815.0,27.9,297.0,14.4,21394.0,0
690,699,Brooklyn_420,1696.0,27.3,96.0,21.1,26976.0,0
691,700,Brooklyn_421,4219.0,32.7,426.0,17.1,21426.0,0
692,701,Brooklyn_422,3501.0,32.8,327.0,24.2,23574.0,0
693,702,Brooklyn_423,4718.0,28.6,328.0,16.5,20984.0,0
694,703,Brooklyn_424,3786.0,38.5,288.0,18.8,24985.0,1
695,704,Brooklyn_425,2932.0,28.3,258.0,36.2,30935.0,2
696,705,Brooklyn_426,4231.0,43.9,303.0,22.3,17625.0,1
697,706,Brooklyn_427,5496.0,27.7,316.0,21.7,23977.0,3
698,707,Brooklyn_428,3764.0,43.1,269.0,29.8,27170.0,1
699,708,Brooklyn_429,5811.0,29.8,390.0,16.8,22989.0,3
700,709,Brooklyn_430,3405.0,39.5,285.0,18.0,18458.0,1
701,710,Brooklyn_431,5402.0,27.7,323.0,21.7,25348.0,3
702,711,Brooklyn_432,4730.0,37.7,273.0,17.0,22390.0,3
703,712,Brooklyn_433,4303.0,28.5,259.0,9.7,22152.0,0
704,713,Brooklyn_434,3327.0,38.9,257.0,31.5,24773.0,1
705,714,Brooklyn_435,5018.0,29.1,370.0,12.5,22151.0,0
706,715,Brooklyn_436,4676.0,40.8,313.0,26.9,20681.0,1
707,716,Brooklyn_437,5904.0,30.4,341.0,21.0,23248.0,3
708,717,Brooklyn_438,2593.0,35.2,132.0,16.8,20876.0,0
709,718,Brooklyn_439,3971.0,34.3,333.0,10.6,20519.0,0
710,719,Brooklyn_440,2889.0,32.6,169.0,22.3,22424.0,0
711,720,Brooklyn_441,5958.0,30.6,412.0,12.7,24743.0,3
712,721,Brooklyn_442,3035.0,30.0,161.0,26.4,36333.0,2
713,722,Brooklyn_443,5414.0,32.1,328.0,19.8,25823.0,3
714,723,Brooklyn_444,3430.0,33.6,201.0,24.5,33734.0,1
715,724,Brooklyn_445,5039.0,31.3,363.0,21.5,22964.0,3
716,725,Brooklyn_446,2181.0,40.6,192.0,15.3,23036.0,1
717,726,Brooklyn_447,2518.0,28.7,224.0,29.0,23302.0,0
718,727,Brooklyn_448,1816.0,34.2,92.0,22.1,27339.0,0
719,728,Brooklyn_449,3468.0,31.7,331.0,11.1,16128.0,0
720,729,Brooklyn_450,514.0,24.8,82.0,26.2,27031.0,0
721,730,Brooklyn_452,2839.0,29.3,132.0,23.0,36385.0,0
722,731,Brooklyn_453,2337.0,33.2,315.0,18.6,17793.0,0
723,732,Brooklyn_454,1836.0,31.1,106.0,20.5,19375.0,0
724,733,Brooklyn_456,2520.0,33.0,143.0,23.6,20599.0,0
725,734,Brooklyn_458,1757.0,37.6,61.0,18.9,36563.0,1
726,735,Brooklyn_460,3726.0,35.1,335.0,18.4,25103.0,0
727,736,Brooklyn_462.01,2706.0,38.4,167.0,25.4,17868.0,1
728,737,Brooklyn_462.02,2301.0,26.5,115.0,21.0,21049.0,0
729,738,Brooklyn_464,2772.0,18.6,86.0,18.2,24243.0,0
730,739,Brooklyn_468,2254.0,19.8,114.0,11.1,27066.0,0
731,740,Brooklyn_470,2616.0,21.9,125.0,8.3,21761.0,0
732,741,Brooklyn_472,2905.0,20.9,120.0,7.4,26563.0,0
733,742,Brooklyn_474,2749.0,23.7,178.0,15.1,26979.0,0
734,743,Brooklyn_476,3547.0,28.1,288.0,11.4,19081.0,0
735,744,Brooklyn_477,3644.0,32.9,327.0,45.4,53225.0,2
736,745,Brooklyn_478,4491.0,26.1,328.0,8.9,17059.0,0
737,746,Brooklyn_480,4051.0,27.6,236.0,13.1,16129.0,0
738,747,Brooklyn_481,2978.0,32.6,230.0,41.8,38828.0,2
739,748,Brooklyn_482,5316.0,34.8,339.0,24.3,20177.0,3
740,749,Brooklyn_484,6146.0,24.6,234.0,22.4,22729.0,3
741,750,Brooklyn_485,2854.0,29.1,216.0,48.6,35149.0,2
742,751,Brooklyn_486,3300.0,30.0,177.0,17.1,19270.0,0
743,752,Brooklyn_488,4113.0,35.7,221.0,19.4,29063.0,0
744,753,Brooklyn_489,3755.0,34.6,185.0,6.9,11894.0,0
745,754,Brooklyn_490,6248.0,31.9,480.0,24.4,25373.0,3
746,755,Brooklyn_491,6459.0,42.0,387.0,9.8,18417.0,3
747,756,Brooklyn_492,3293.0,32.3,258.0,17.5,21795.0,0
748,757,Brooklyn_493,7684.0,31.4,431.0,25.0,20495.0,3
749,758,Brooklyn_494,5874.0,36.8,314.0,28.9,30815.0,3
750,759,Brooklyn_495,2899.0,33.5,246.0,38.9,41788.0,2
751,760,Brooklyn_496,4190.0,33.7,205.0,25.0,25250.0,0
752,761,Brooklyn_497,2838.0,32.5,226.0,47.8,41884.0,2
753,762,Brooklyn_498,4512.0,37.4,248.0,26.5,32477.0,1
754,763,Brooklyn_499,1766.0,34.8,112.0,41.2,51953.0,2
755,764,Brooklyn_500,3694.0,38.5,186.0,21.4,50402.0,2
756,765,Brooklyn_501,3005.0,32.7,196.0,38.0,44718.0,2
757,766,Brooklyn_502.02,2306.0,43.3,140.0,32.1,57533.0,2
758,767,Brooklyn_503,2408.0,35.3,179.0,39.9,45423.0,2
759,768,Brooklyn_504,4515.0,38.2,209.0,29.5,46768.0,2
760,769,Brooklyn_505,4396.0,35.4,303.0,26.0,18903.0,0
761,770,Brooklyn_506,5616.0,32.7,322.0,18.2,25272.0,3
762,771,Brooklyn_507,2523.0,15.7,107.0,12.0,16698.0,0
763,772,Brooklyn_508.01,4240.0,35.1,277.0,12.2,25177.0,0
764,773,Brooklyn_508.03,2338.0,32.6,155.0,16.7,22149.0,0
765,774,Brooklyn_508.04,6144.0,31.8,328.0,16.5,25567.0,3
766,775,Brooklyn_509,4488.0,13.4,103.0,2.6,16798.0,0
767,776,Brooklyn_510.01,4498.0,32.4,317.0,23.7,25789.0,0
768,777,Brooklyn_510.02,4841.0,34.7,235.0,19.4,24908.0,3
769,778,Brooklyn_511,3890.0,35.2,211.0,23.8,21582.0,0
770,779,Brooklyn_512,5759.0,30.8,351.0,21.6,29968.0,3
771,780,Brooklyn_513,4756.0,31.6,389.0,31.1,40703.0,2
772,781,Brooklyn_514,7717.0,35.6,344.0,23.7,32208.0,3
773,782,Brooklyn_515,1626.0,33.6,111.0,50.4,64625.0,2
774,783,Brooklyn_516.01,5533.0,31.3,252.0,18.4,25100.0,3
775,784,Brooklyn_516.02,4262.0,32.9,341.0,14.5,21791.0,0
776,785,Brooklyn_517,2107.0,33.4,191.0,48.3,57199.0,2
777,786,Brooklyn_518,3229.0,41.9,215.0,17.5,39671.0,1
778,787,Brooklyn_519,4792.0,32.7,361.0,49.1,60404.0,2
779,788,Brooklyn_520,4636.0,32.3,181.0,25.6,30256.0,0
780,789,Brooklyn_523,5538.0,31.2,409.0,26.7,30914.0,3
781,790,Brooklyn_525,3392.0,31.4,227.0,19.6,15700.0,0
782,791,Brooklyn_526,4486.0,33.9,254.0,29.8,31800.0,2
783,792,Brooklyn_527,6523.0,31.2,498.0,26.3,22618.0,3
784,793,Brooklyn_528,1896.0,39.2,130.0,22.3,38859.0,1
785,794,Brooklyn_529,4202.0,20.5,222.0,12.7,22011.0,0
786,795,Brooklyn_530,3777.0,32.2,194.0,21.0,21482.0,0
787,796,Brooklyn_531,8953.0,12.6,248.0,11.8,19915.0,3
788,797,Brooklyn_532,2682.0,37.1,136.0,24.7,29787.0,1
789,798,Brooklyn_533,6821.0,20.7,243.0,3.8,15900.0,3
790,799,Brooklyn_534,4212.0,30.9,280.0,18.7,17564.0,0
791,800,Brooklyn_535,4065.0,21.0,210.0,0.8,14095.0,0
792,801,Brooklyn_537,3539.0,16.8,140.0,4.1,13948.0,0
793,802,Brooklyn_538,4341.0,44.1,260.0,23.3,18929.0,1
794,803,Brooklyn_539,2580.0,29.6,117.0,9.9,13676.0,0
795,804,Brooklyn_542,4542.0,30.3,209.0,29.2,22567.0,0
796,805,Brooklyn_543,351.0,36.9,96.0,46.0,57500.0,2
797,806,Brooklyn_544,3069.0,42.1,236.0,16.6,21657.0,1
798,807,Brooklyn_545,8072.0,22.2,282.0,2.2,13764.0,3
799,808,Brooklyn_546,4429.0,37.8,248.0,29.0,23565.0,1
800,809,Brooklyn_547,5172.0,27.1,269.0,23.0,29397.0,3
801,810,Brooklyn_548,2168.0,36.9,113.0,26.7,30851.0,1
802,811,Brooklyn_549,3607.0,29.8,191.0,36.8,46250.0,2
803,812,Brooklyn_550,3638.0,39.8,265.0,22.2,27554.0,1
804,813,Brooklyn_551,5860.0,32.3,525.0,41.1,40846.0,2
805,814,Brooklyn_552,3098.0,38.8,243.0,24.4,27099.0,1
806,815,Brooklyn_553,2843.0,34.5,244.0,41.0,50403.0,2
807,816,Brooklyn_554,4083.0,33.0,294.0,27.1,31536.0,1
808,817,Brooklyn_555,5558.0,33.2,344.0,45.6,68211.0,2
809,818,Brooklyn_556,3658.0,32.5,239.0,22.3,32012.0,0
810,819,Brooklyn_557,2556.0,35.5,239.0,37.8,51994.0,2
811,820,Brooklyn_558,2359.0,40.6,151.0,21.9,25625.0,1
812,821,Brooklyn_560,3677.0,40.5,208.0,34.9,33661.0,2
813,822,Brooklyn_561,3160.0,33.1,251.0,44.4,41823.0,2
814,823,Brooklyn_562,1583.0,48.8,97.0,22.1,35505.0,1
815,824,Brooklyn_563,4776.0,35.6,451.0,32.0,36734.0,2
816,825,Brooklyn_564,2566.0,44.4,110.0,32.6,44563.0,2
817,826,Brooklyn_565,3172.0,34.4,283.0,46.6,59253.0,2
818,827,Brooklyn_566,2568.0,41.3,149.0,27.4,35371.0,1
819,828,Brooklyn_568,1367.0,49.7,111.0,16.3,38786.0,1
820,829,Brooklyn_569,1505.0,33.3,104.0,39.3,50263.0,2
821,830,Brooklyn_570,3468.0,50.9,218.0,19.7,32500.0,1
822,831,Brooklyn_571,3945.0,35.8,328.0,31.8,41755.0,2
823,832,Brooklyn_572,5330.0,34.1,335.0,12.3,13997.0,3
824,833,Brooklyn_573,2386.0,34.4,219.0,34.1,37472.0,2
825,834,Brooklyn_574,2905.0,48.3,187.0,26.0,32721.0,1
826,835,Brooklyn_575,3802.0,34.3,328.0,33.0,52059.0,2
827,836,Brooklyn_576,2999.0,42.9,181.0,23.4,31640.0,1
828,837,Brooklyn_578,3332.0,39.2,236.0,20.4,21202.0,1
829,838,Brooklyn_579,1071.0,35.9,124.0,24.3,31698.0,1
830,839,Brooklyn_580,3858.0,36.4,220.0,19.3,20572.0,0
831,840,Brooklyn_582,2950.0,33.5,226.0,15.4,22094.0,0
832,841,Brooklyn_584,3072.0,37.4,219.0,30.0,31788.0,1
833,842,Brooklyn_586,2744.0,37.1,183.0,21.2,21990.0,1
834,843,Brooklyn_588,3699.0,41.5,248.0,34.7,31601.0,2
835,844,Brooklyn_589,1820.0,36.0,123.0,26.6,47423.0,2
836,845,Brooklyn_590,1890.0,34.7,152.0,21.9,24036.0,0
837,846,Brooklyn_591,3877.0,33.4,228.0,36.6,49414.0,2
838,847,Brooklyn_592,4402.0,44.6,238.0,22.7,26126.0,1
839,848,Brooklyn_593,2071.0,34.1,178.0,29.6,40911.0,2
840,849,Brooklyn_594.01,8043.0,42.4,441.0,28.0,29342.0,3
841,850,Brooklyn_594.02,5205.0,49.6,339.0,26.8,37931.0,1
842,851,Brooklyn_596,2526.0,50.9,217.0,35.5,31219.0,1
843,852,Brooklyn_598,3560.0,37.9,215.0,28.3,31929.0,1
844,853,Brooklyn_600,6367.0,41.5,347.0,31.9,31708.0,2
845,854,Brooklyn_606,2610.0,45.0,176.0,30.2,24107.0,1
846,855,Brooklyn_608,3156.0,40.6,235.0,36.4,32778.0,2
847,856,Brooklyn_610.02,4213.0,45.9,284.0,34.5,42866.0,2
848,857,Brooklyn_610.03,1940.0,32.9,162.0,17.2,20618.0,0
849,858,Brooklyn_610.04,6113.0,48.5,441.0,30.2,17293.0,1
850,859,Brooklyn_612,879.0,51.6,124.0,23.8,49271.0,1
851,860,Brooklyn_616,1583.0,55.3,252.0,27.8,30000.0,1
852,861,Brooklyn_620,1927.0,44.3,172.0,26.7,53878.0,2
853,862,Brooklyn_622,3070.0,51.4,344.0,21.6,32098.0,1
854,863,Brooklyn_626,2953.0,38.5,210.0,22.0,25797.0,1
855,864,Brooklyn_628,4934.0,44.0,305.0,14.7,39540.0,1
856,865,Brooklyn_632,1646.0,47.2,168.0,23.4,39861.0,1
857,866,Brooklyn_636,1432.0,43.2,81.0,29.8,43004.0,2
858,867,Brooklyn_638,1644.0,52.3,122.0,23.1,35855.0,1
859,868,Brooklyn_640,1783.0,34.0,147.0,25.7,47891.0,2
860,869,Brooklyn_642,2360.0,36.9,138.0,28.0,39375.0,2
861,870,Brooklyn_644,2906.0,30.5,154.0,22.3,35417.0,0
862,871,Brooklyn_646,2281.0,30.7,99.0,21.0,38981.0,0
863,872,Brooklyn_648,2110.0,35.5,144.0,25.0,32925.0,1
864,873,Brooklyn_650,1335.0,44.5,118.0,23.1,32417.0,1
865,874,Brooklyn_652,1125.0,47.7,119.0,15.7,52262.0,1
866,875,Brooklyn_654,1764.0,43.9,98.0,22.4,40238.0,1
867,876,Brooklyn_656,1833.0,38.4,109.0,19.0,40081.0,1
868,877,Brooklyn_658,1939.0,43.8,145.0,29.4,37306.0,1
869,878,Brooklyn_660,2202.0,41.3,141.0,23.8,41685.0,1
870,879,Brooklyn_662,1687.0,44.8,92.0,23.3,36580.0,1
871,881,Brooklyn_670,2899.0,40.5,199.0,16.4,40524.0,1
872,882,Brooklyn_672,1704.0,39.3,145.0,10.7,30898.0,1
873,883,Brooklyn_674,2040.0,43.6,129.0,18.6,32571.0,1
874,884,Brooklyn_676,2132.0,37.9,192.0,22.9,31117.0,1
875,885,Brooklyn_678,2477.0,44.0,214.0,22.3,39743.0,1
876,886,Brooklyn_680,2112.0,36.0,117.0,14.7,38708.0,1
877,887,Brooklyn_682,3099.0,37.9,330.0,19.9,33135.0,1
878,888,Brooklyn_686,1729.0,43.8,142.0,13.3,28250.0,1
879,889,Brooklyn_688,1636.0,44.5,112.0,12.6,34524.0,1
880,890,Brooklyn_690,1901.0,38.2,150.0,17.9,38750.0,1
881,891,Brooklyn_692,2882.0,33.3,130.0,20.4,40710.0,1
882,892,Brooklyn_696.01,3960.0,36.6,213.0,26.1,29682.0,1
883,893,Brooklyn_696.02,6318.0,40.8,413.0,23.3,38896.0,1
884,894,Brooklyn_698,1419.0,43.5,106.0,22.2,40321.0,1
885,895,Brooklyn_700,1757.0,39.1,106.0,19.9,33158.0,1
886,896,Brooklyn_702.01,6265.0,41.8,552.0,20.6,35928.0,1
887,897,Brooklyn_702.02,16.0,54.5,22.0,25.0,28750.0,1
888,899,Brooklyn_706,2588.0,45.7,193.0,21.7,38500.0,1
889,900,Brooklyn_720,2182.0,35.0,154.0,22.8,28822.0,1
890,901,Brooklyn_722,2928.0,39.8,196.0,18.1,31023.0,1
891,902,Brooklyn_724,2025.0,41.4,178.0,17.3,31071.0,1
892,903,Brooklyn_726,2159.0,42.0,156.0,20.6,35779.0,1
893,904,Brooklyn_728,4107.0,40.3,259.0,19.8,29921.0,1
894,905,Brooklyn_730,2510.0,37.8,172.0,17.9,37309.0,1
895,906,Brooklyn_732,2633.0,41.2,174.0,15.0,32236.0,1
896,907,Brooklyn_734,2217.0,39.9,178.0,27.5,34618.0,1
897,908,Brooklyn_736,3638.0,40.1,212.0,22.1,30051.0,1
898,909,Brooklyn_738,3509.0,32.3,194.0,22.3,34384.0,0
899,910,Brooklyn_740,4152.0,30.0,314.0,20.8,28902.0,0
900,911,Brooklyn_742,3491.0,33.3,143.0,21.6,30885.0,0
901,912,Brooklyn_744,2748.0,24.3,111.0,35.5,36250.0,2
902,913,Brooklyn_746,2363.0,31.1,121.0,19.2,26025.0,0
903,914,Brooklyn_748,1863.0,30.8,115.0,28.3,41893.0,2
904,915,Brooklyn_750,2827.0,33.0,178.0,15.9,28633.0,0
905,916,Brooklyn_752,926.0,46.1,53.0,33.7,39524.0,2
906,917,Brooklyn_754,1569.0,36.0,104.0,34.0,39792.0,2
907,918,Brooklyn_756,2123.0,34.4,122.0,29.4,40731.0,2
908,919,Brooklyn_758,1765.0,49.2,117.0,31.3,27432.0,1
909,920,Brooklyn_760,2956.0,29.9,114.0,23.4,30245.0,0
910,921,Brooklyn_762,4721.0,33.3,320.0,25.8,22077.0,0
911,922,Brooklyn_764,3824.0,35.7,265.0,15.6,27557.0,0
912,923,Brooklyn_766,2393.0,35.5,125.0,16.1,28237.0,0
913,924,Brooklyn_768,3298.0,30.8,189.0,27.5,24922.0,0
914,925,Brooklyn_770,3283.0,28.6,264.0,28.2,29464.0,0
915,926,Brooklyn_772,3203.0,33.2,189.0,26.7,36661.0,2
916,927,Brooklyn_774,3352.0,33.3,222.0,25.4,34315.0,1
917,928,Brooklyn_776,3767.0,41.5,225.0,19.1,30833.0,1
918,929,Brooklyn_780,2513.0,39.7,151.0,24.4,29928.0,1
919,930,Brooklyn_782,5120.0,35.6,246.0,14.0,32957.0,3
920,931,Brooklyn_784,2661.0,41.4,224.0,19.1,33007.0,1
921,932,Brooklyn_786,4994.0,38.3,305.0,15.1,24098.0,3
922,933,Brooklyn_788,3114.0,36.5,258.0,13.3,24839.0,0
923,934,Brooklyn_790,5154.0,38.2,329.0,10.4,26265.0,3
924,935,Brooklyn_792,3965.0,33.6,332.0,7.3,19855.0,0
925,936,Brooklyn_794,1904.0,37.0,182.0,10.0,26210.0,0
926,937,Brooklyn_796.01,4622.0,35.0,298.0,21.7,31893.0,1
927,938,Brooklyn_796.02,4870.0,34.1,298.0,18.1,22391.0,3
928,939,Brooklyn_798.01,3188.0,37.1,228.0,24.0,33779.0,1
929,940,Brooklyn_798.02,5811.0,35.4,415.0,22.5,30450.0,3
930,941,Brooklyn_800,3690.0,40.6,227.0,13.8,31031.0,1
931,942,Brooklyn_802,5106.0,34.8,330.0,17.9,30325.0,3
932,943,Brooklyn_804,3173.0,35.5,283.0,10.5,21015.0,0
933,944,Brooklyn_806,4125.0,25.8,181.0,12.8,25658.0,0
934,945,Brooklyn_808,1321.0,61.7,245.0,5.2,8595.0,1
935,946,Brooklyn_810,2235.0,31.9,151.0,17.4,25022.0,0
936,947,Brooklyn_814,2912.0,39.7,194.0,14.8,26474.0,1
937,948,Brooklyn_816,2627.0,38.4,151.0,13.3,25043.0,0
938,949,Brooklyn_818,4549.0,32.4,339.0,20.0,29107.0,0
939,950,Brooklyn_820,4899.0,31.9,277.0,11.5,24326.0,0
940,951,Brooklyn_822,7479.0,35.4,467.0,16.7,25522.0,3
941,952,Brooklyn_824,4361.0,31.9,356.0,15.1,29962.0,0
942,953,Brooklyn_826,5081.0,38.0,336.0,16.5,27203.0,3
943,954,Brooklyn_828,4135.0,32.8,353.0,17.3,30391.0,0
944,955,Brooklyn_830,6395.0,34.6,457.0,19.8,29732.0,3
945,956,Brooklyn_832,2412.0,40.3,162.0,17.1,27500.0,1
946,957,Brooklyn_834,1524.0,44.4,123.0,19.7,29583.0,1
947,958,Brooklyn_836,2109.0,42.6,143.0,15.0,31645.0,1
948,959,Brooklyn_838,2339.0,43.8,162.0,19.1,26875.0,1
949,960,Brooklyn_840,2472.0,36.9,158.0,11.5,27328.0,0
950,961,Brooklyn_846,1770.0,42.8,143.0,14.7,28342.0,1
951,962,Brooklyn_848,1491.0,43.5,139.0,16.5,24650.0,1
952,963,Brooklyn_850,1576.0,38.6,142.0,18.6,36543.0,1
953,965,Brooklyn_854,2042.0,36.5,148.0,12.7,30162.0,0
954,966,Brooklyn_856,3174.0,43.2,264.0,12.9,27782.0,1
955,967,Brooklyn_858,2552.0,37.6,193.0,12.4,26592.0,0
956,968,Brooklyn_860,3710.0,40.1,223.0,12.2,26522.0,1
957,969,Brooklyn_862,2900.0,33.6,248.0,15.2,29323.0,0
958,970,Brooklyn_864,2239.0,40.3,184.0,13.5,26411.0,1
959,971,Brooklyn_866,2993.0,38.5,283.0,20.3,34018.0,1
960,972,Brooklyn_868,3416.0,38.9,273.0,11.6,25830.0,0
961,973,Brooklyn_870,3285.0,38.2,229.0,13.1,23630.0,0
962,974,Brooklyn_872,2856.0,36.3,210.0,11.4,30491.0,0
963,975,Brooklyn_874.01,3291.0,41.3,226.0,15.1,18703.0,1
964,976,Brooklyn_876,1513.0,41.4,120.0,17.2,23352.0,1
965,977,Brooklyn_878,2658.0,46.4,216.0,7.4,20014.0,1
966,978,Brooklyn_880,2876.0,35.5,215.0,18.9,31287.0,1
967,979,Brooklyn_882,6750.0,37.8,565.0,17.9,27508.0,3
968,980,Brooklyn_884,5305.0,33.5,345.0,10.0,24128.0,3
969,981,Brooklyn_886,4473.0,37.2,302.0,7.9,26432.0,0
970,982,Brooklyn_888,4125.0,36.7,285.0,16.7,28264.0,0
971,983,Brooklyn_890,6370.0,41.6,542.0,9.6,18275.0,3
972,984,Brooklyn_892,3756.0,37.6,217.0,4.8,13601.0,0
973,985,Brooklyn_894,3794.0,30.3,333.0,15.5,24039.0,0
974,986,Brooklyn_896,3471.0,34.9,217.0,6.9,23603.0,0
975,987,Brooklyn_898,1676.0,37.7,155.0,13.2,23506.0,0
976,988,Brooklyn_900,5283.0,27.8,240.0,9.0,16973.0,3
977,989,Brooklyn_902,3339.0,36.4,264.0,5.7,19727.0,0
978,990,Brooklyn_906,4017.0,31.1,218.0,6.3,11325.0,0
979,991,Brooklyn_908,6254.0,31.4,813.0,4.8,9225.0,3
980,992,Brooklyn_910,5201.0,35.1,311.0,2.1,10071.0,3
981,993,Brooklyn_912,6920.0,25.6,350.0,6.2,9978.0,3
982,994,Brooklyn_916,4202.0,31.4,293.0,7.3,17170.0,0
983,995,Brooklyn_918,2759.0,35.5,176.0,14.0,17500.0,0
984,996,Brooklyn_920,3229.0,34.9,196.0,14.1,22602.0,0
985,997,Brooklyn_922,2909.0,40.7,187.0,13.3,28891.0,1
986,998,Brooklyn_924,3314.0,32.4,338.0,11.2,21138.0,0
987,999,Brooklyn_928,2987.0,42.6,205.0,16.1,28656.0,1
988,1000,Brooklyn_930,2749.0,41.9,178.0,17.2,31667.0,1
989,1001,Brooklyn_932,1256.0,45.5,136.0,14.8,30820.0,1
990,1002,Brooklyn_934,2393.0,46.5,124.0,22.6,31062.0,1
991,1003,Brooklyn_936,1863.0,38.9,140.0,19.1,31134.0,1
992,1004,Brooklyn_938,2315.0,35.4,176.0,11.1,25052.0,0
993,1005,Brooklyn_944.01,3896.0,41.5,379.0,13.5,30250.0,1
994,1006,Brooklyn_944.02,2897.0,31.2,148.0,5.6,13096.0,0
995,1007,Brooklyn_946,1812.0,42.3,146.0,14.3,34479.0,1
996,1008,Brooklyn_950,3252.0,42.1,225.0,17.0,30551.0,1
997,1009,Brooklyn_954,4557.0,39.2,253.0,19.8,34324.0,1
998,1010,Brooklyn_956,4709.0,31.0,350.0,21.2,33411.0,0
999,1011,Brooklyn_958,3820.0,43.2,270.0,15.5,30153.0,1
1000,1013,Brooklyn_962,2055.0,31.4,164.0,17.3,30208.0,0
1001,1014,Brooklyn_964,1875.0,39.4,177.0,14.5,32083.0,1
1002,1015,Brooklyn_966,2445.0,31.9,181.0,13.9,31471.0,0
1003,1016,Brooklyn_968,1513.0,32.6,132.0,19.4,36393.0,0
1004,1017,Brooklyn_970,2526.0,35.9,264.0,13.2,37736.0,1
1005,1018,Brooklyn_974,2967.0,40.8,267.0,6.4,19734.0,0
1006,1019,Brooklyn_982,4241.0,30.8,165.0,7.5,16378.0,0
1007,1020,Brooklyn_984,2143.0,38.1,175.0,20.3,30309.0,1
1008,1021,Brooklyn_986,3107.0,40.2,213.0,20.1,30030.0,1
1009,1022,Brooklyn_988,3283.0,37.0,260.0,18.4,29119.0,1
1010,1023,Brooklyn_990,1774.0,34.6,168.0,22.5,36827.0,1
1011,1024,Brooklyn_992,2072.0,36.7,168.0,14.2,30053.0,0
1012,1025,Brooklyn_994,1838.0,39.4,157.0,20.3,41622.0,1
1013,1026,Brooklyn_996,4225.0,34.5,309.0,12.3,29630.0,0
1014,1027,Brooklyn_998,3361.0,38.0,248.0,22.2,35339.0,1
1015,1028,Brooklyn_1004,2887.0,34.9,141.0,14.5,37163.0,0
1016,1029,Brooklyn_1006,2686.0,36.3,194.0,18.2,36670.0,1
1017,1030,Brooklyn_1008,2232.0,34.1,130.0,14.6,29955.0,0
1018,1031,Brooklyn_1010,2277.0,33.8,160.0,20.4,31840.0,0
1019,1032,Brooklyn_1012,2261.0,36.7,155.0,13.5,29940.0,0
1020,1033,Brooklyn_1014,2186.0,44.8,141.0,19.6,30765.0,1
1021,1034,Brooklyn_1016,1710.0,43.3,125.0,19.7,37500.0,1
1022,1035,Brooklyn_1018,1767.0,44.1,163.0,20.3,42841.0,1
1023,1036,Brooklyn_1020,2171.0,35.2,162.0,17.6,37008.0,1
1024,1037,Brooklyn_1022,2091.0,39.8,138.0,18.6,32067.0,1
1025,1038,Brooklyn_1024,2203.0,36.6,139.0,20.5,31372.0,1
1026,1039,Brooklyn_1026,2448.0,40.0,175.0,20.0,40870.0,1
1027,1040,Brooklyn_1028,1767.0,35.4,159.0,23.3,40208.0,1
1028,1041,Brooklyn_1034,3918.0,30.7,236.0,16.9,17108.0,0
1029,1042,Brooklyn_1058.01,5913.0,50.9,308.0,13.8,14797.0,1
1030,1043,Brooklyn_1058.04,6475.0,44.5,364.0,8.6,16980.0,3
1031,1044,Brooklyn_1070,1348.0,34.8,159.0,23.6,39677.0,1
1032,1045,Brooklyn_1078,4276.0,48.6,290.0,11.9,33556.0,1
1033,1046,Brooklyn_1098,2256.0,29.3,230.0,17.4,29196.0,0
1034,1047,Brooklyn_1104,4906.0,33.9,342.0,6.5,22011.0,3
1035,1048,Brooklyn_1106,4284.0,27.3,206.0,9.4,14339.0,0
1036,1049,Brooklyn_1110,3400.0,30.7,233.0,6.2,15477.0,0
1037,1050,Brooklyn_1116,3836.0,28.3,290.0,8.8,19694.0,0
1038,1051,Brooklyn_1118,3093.0,34.2,313.0,9.5,30171.0,0
1039,1052,Brooklyn_1120,3069.0,34.0,282.0,9.8,24870.0,0
1040,1053,Brooklyn_1122,3810.0,34.3,264.0,5.2,19766.0,0
1041,1054,Brooklyn_1124,3160.0,32.7,249.0,17.2,19882.0,0
1042,1055,Brooklyn_1126,3601.0,32.2,242.0,5.7,24602.0,0
1043,1056,Brooklyn_1128,3688.0,31.5,244.0,14.5,22198.0,0
1044,1057,Brooklyn_1130,4194.0,29.0,263.0,7.0,25688.0,0
1045,1058,Brooklyn_1132,1939.0,31.9,137.0,15.4,30167.0,0
1046,1059,Brooklyn_1134,3182.0,27.8,265.0,4.1,10202.0,0
1047,1060,Brooklyn_1142.01,1860.0,32.7,192.0,5.3,25508.0,0
1048,1061,Brooklyn_1142.02,2848.0,33.7,243.0,12.2,28266.0,0
1049,1062,Brooklyn_1144,2144.0,32.8,248.0,3.7,17054.0,0
1050,1063,Brooklyn_1146,3416.0,33.9,216.0,10.1,18179.0,0
1051,1064,Brooklyn_1150,2796.0,27.5,204.0,5.2,25391.0,0
1052,1065,Brooklyn_1152,2947.0,31.1,197.0,9.2,21719.0,0
1053,1066,Brooklyn_1156,4075.0,26.9,208.0,5.5,14889.0,0
1054,1067,Brooklyn_1158,2814.0,35.5,214.0,10.2,24740.0,0
1055,1068,Brooklyn_1160,2031.0,38.2,94.0,13.2,17802.0,0
1056,1069,Brooklyn_1162,2329.0,34.7,154.0,9.2,22350.0,0
1057,1070,Brooklyn_1164,3013.0,35.1,225.0,6.9,26604.0,0
1058,1071,Brooklyn_1166,2977.0,29.3,203.0,16.8,27917.0,0
1059,1072,Brooklyn_1168,1399.0,33.9,139.0,15.3,22429.0,0
1060,1073,Brooklyn_1170,1783.0,26.7,154.0,5.2,19936.0,0
1061,1074,Brooklyn_1172.01,2375.0,33.2,152.0,8.5,26447.0,0
1062,1075,Brooklyn_1172.02,2937.0,36.5,303.0,14.1,28505.0,0
1063,1076,Brooklyn_1174,4451.0,28.1,284.0,5.0,23131.0,0
1064,1077,Brooklyn_1176.01,3198.0,30.1,186.0,6.5,22258.0,0
1065,1078,Brooklyn_1176.02,2958.0,33.5,212.0,8.6,21700.0,0
1066,1079,Brooklyn_1178,1732.0,36.0,145.0,5.6,25136.0,0
1067,1081,Brooklyn_1182.01,2962.0,30.8,207.0,11.3,28404.0,0
1068,1082,Brooklyn_1182.02,3066.0,32.2,187.0,7.6,30194.0,0
1069,1083,Brooklyn_1184,5465.0,30.7,311.0,10.5,21101.0,3
1070,1084,Brooklyn_1186,2453.0,32.8,192.0,9.5,26277.0,0
1071,1085,Brooklyn_1188,4627.0,33.5,408.0,10.9,22493.0,0
1072,1086,Brooklyn_1190,2533.0,26.0,132.0,3.7,22218.0,0
1073,1087,Brooklyn_1192,3269.0,30.6,303.0,13.3,24459.0,0
1074,1088,Brooklyn_1194,3960.0,26.4,262.0,11.8,23417.0,0
1075,1089,Brooklyn_1196,5203.0,35.7,260.0,7.7,23838.0,3
1076,1090,Brooklyn_1198,3264.0,30.4,265.0,6.8,20996.0,0
1077,1091,Brooklyn_1200,2330.0,32.9,187.0,8.2,23136.0,0
1078,1092,Brooklyn_1202,2018.0,33.0,173.0,10.4,21192.0,0
1079,1093,Brooklyn_1208,8851.0,34.7,579.0,13.6,25541.0,3
1080,1094,Brooklyn_1210,4157.0,32.2,318.0,6.5,14868.0,0
1081,1095,Brooklyn_1214,4608.0,26.5,196.0,3.9,17288.0,0
1082,1096,Brooklyn_1220,5903.0,31.3,416.0,17.1,34763.0,3
1083,1097,Brooklyn_1237,6610.0,13.4,268.0,11.7,17909.0,3
1084,1098,Brooklyn_1502,2848.0,36.4,172.0,35.2,40960.0,2
1085,1099,Brooklyn_1522,3496.0,40.1,246.0,29.4,32379.0,1
1086,1101,Queens_1,6756.0,32.6,468.0,40.3,88919.0,2
1087,1102,Queens_2,3425.0,37.0,198.0,13.6,28919.0,0
1088,1103,Queens_4,4896.0,34.4,391.0,13.0,21321.0,3
1089,1104,Queens_6,4208.0,33.6,327.0,11.5,25108.0,0
1090,1105,Queens_7,5928.0,36.2,373.0,40.8,60935.0,2
1091,1106,Queens_8,3728.0,32.9,214.0,17.2,24828.0,0
1092,1107,Queens_10,3890.0,35.1,249.0,14.5,22818.0,0
1093,1108,Queens_12,4727.0,36.4,304.0,13.5,32143.0,0
1094,1109,Queens_14,3810.0,39.6,393.0,11.4,24090.0,0
1095,1110,Queens_16,2967.0,35.3,249.0,15.9,23629.0,0
1096,1111,Queens_18,3224.0,38.5,228.0,16.2,19932.0,0
1097,1112,Queens_19,1850.0,33.2,178.0,36.4,65779.0,2
1098,1113,Queens_20,2019.0,36.9,154.0,22.3,33496.0,1
1099,1114,Queens_22,2220.0,38.8,159.0,17.4,31691.0,1
1100,1115,Queens_24,2249.0,37.4,199.0,15.8,27456.0,1
1101,1116,Queens_25,6592.0,43.5,356.0,3.1,11422.0,3
1102,1117,Queens_26,2503.0,33.7,205.0,21.4,30552.0,0
1103,1118,Queens_28,3384.0,30.4,178.0,10.9,28884.0,0
1104,1119,Queens_30,1442.0,33.6,129.0,24.5,24188.0,0
1105,1120,Queens_31,1032.0,36.8,113.0,19.5,30905.0,1
1106,1121,Queens_32,1690.0,34.7,107.0,16.4,24023.0,0
1107,1122,Queens_33,2922.0,32.5,240.0,29.8,30020.0,2
1108,1123,Queens_34,2573.0,35.6,173.0,11.6,29135.0,0
1109,1124,Queens_36,3830.0,33.9,294.0,19.4,30837.0,0
1110,1126,Queens_38,2520.0,32.7,148.0,17.2,22649.0,0
1111,1127,Queens_39,1658.0,35.1,197.0,31.0,20076.0,1
1112,1128,Queens_40.01,2267.0,35.2,173.0,18.8,25053.0,0
1113,1129,Queens_40.02,1639.0,32.9,131.0,15.9,21291.0,0
1114,1130,Queens_42,4496.0,33.6,224.0,14.9,22192.0,0
1115,1131,Queens_43,2660.0,33.2,196.0,8.6,17875.0,0
1116,1132,Queens_44.01,3872.0,32.2,186.0,12.9,21818.0,0
1117,1133,Queens_45,3290.0,50.8,256.0,31.7,41224.0,1
1118,1134,Queens_47,3910.0,33.8,268.0,22.0,20761.0,0
1119,1135,Queens_50,62.0,49.3,25.0,0.0,21964.0,1
1120,1136,Queens_51,2001.0,32.8,159.0,26.7,21424.0,0
1121,1137,Queens_52,2769.0,31.7,213.0,18.4,22553.0,0
1122,1138,Queens_53,4666.0,35.8,354.0,36.2,37155.0,2
1123,1139,Queens_54,5200.0,37.0,293.0,16.5,24384.0,3
1124,1140,Queens_55,933.0,38.8,92.0,31.3,30190.0,1
1125,1141,Queens_57,4084.0,33.0,267.0,30.0,31364.0,2
1126,1142,Queens_58,5921.0,41.5,370.0,13.0,30907.0,3
1127,1143,Queens_59,4315.0,35.8,388.0,30.4,37102.0,2
1128,1144,Queens_61,5757.0,36.0,464.0,37.0,33169.0,2
1129,1145,Queens_62.01,6202.0,45.7,406.0,19.6,39497.0,1
1130,1146,Queens_62.02,7083.0,38.5,473.0,14.3,28097.0,3
1131,1147,Queens_63,5204.0,32.8,376.0,37.0,36607.0,2
1132,1148,Queens_65.01,3418.0,32.8,264.0,37.2,40262.0,2
1133,1149,Queens_65.02,4161.0,33.0,361.0,33.0,37105.0,2
1134,1150,Queens_69,4527.0,36.3,403.0,29.5,28224.0,1
1135,1151,Queens_71,3813.0,31.8,262.0,37.9,45214.0,2
1136,1152,Queens_73,4058.0,35.7,441.0,36.5,44821.0,2
1137,1153,Queens_75,4492.0,37.5,492.0,29.3,45453.0,2
1138,1154,Queens_77,1596.0,32.2,143.0,33.2,41815.0,2
1139,1155,Queens_79,3384.0,36.1,245.0,29.1,26162.0,1
1140,1156,Queens_81,1389.0,32.6,119.0,24.1,32314.0,1
1141,1157,Queens_83,3143.0,30.6,239.0,24.2,23365.0,0
1142,1158,Queens_85,1129.0,35.1,105.0,31.4,25741.0,1
1143,1159,Queens_86,3030.0,37.1,213.0,13.0,28446.0,0
1144,1160,Queens_87,5196.0,28.4,310.0,13.2,13328.0,3
1145,1161,Queens_88,3691.0,37.4,189.0,16.5,41660.0,1
1146,1162,Queens_91,2600.0,40.8,272.0,29.7,31667.0,1
1147,1163,Queens_94,2922.0,37.4,195.0,23.1,22908.0,1
1148,1164,Queens_95,2520.0,34.9,161.0,34.1,39769.0,2
1149,1165,Queens_96,4024.0,36.3,246.0,18.4,28760.0,1
1150,1166,Queens_97,3593.0,35.2,297.0,37.8,49286.0,2
1151,1167,Queens_98,2844.0,39.4,230.0,16.4,21623.0,1
1152,1169,Queens_100,4798.0,39.0,426.0,15.7,19662.0,3
1153,1170,Queens_101,2695.0,33.9,180.0,33.3,32614.0,2
1154,1171,Queens_102,3132.0,34.8,257.0,16.0,24162.0,0
1155,1172,Queens_103,3863.0,34.5,267.0,32.1,34281.0,2
1156,1173,Queens_104,3320.0,41.5,236.0,12.5,25815.0,1
1157,1174,Queens_105,4012.0,38.9,229.0,21.8,25845.0,1
1158,1175,Queens_106,3939.0,36.1,379.0,14.2,21836.0,0
1159,1177,Queens_108,3504.0,34.4,218.0,14.4,22201.0,0
1160,1178,Queens_110,3635.0,38.1,250.0,10.4,18404.0,0
1161,1179,Queens_111,3413.0,31.9,282.0,35.2,41868.0,2
1162,1180,Queens_112,2202.0,39.6,204.0,15.5,19539.0,1
1163,1181,Queens_113,4295.0,35.0,288.0,34.7,40531.0,2
1164,1182,Queens_114,1150.0,29.9,135.0,2.7,25295.0,0
1165,1183,Queens_115,2249.0,31.7,200.0,40.8,40264.0,2
1166,1184,Queens_116,2335.0,40.6,228.0,14.1,28147.0,1
1167,1185,Queens_117,3841.0,33.3,303.0,29.7,32463.0,2
1168,1186,Queens_118,2757.0,31.8,216.0,17.7,20515.0,0
1169,1187,Queens_119,1576.0,34.1,159.0,34.1,32092.0,2
1170,1188,Queens_120,2681.0,35.9,221.0,19.6,21760.0,0
1171,1189,Queens_121,2268.0,35.8,169.0,28.1,30157.0,1
1172,1190,Queens_122,3373.0,34.6,302.0,17.2,22094.0,0
1173,1191,Queens_123.01,2741.0,36.6,221.0,27.5,39964.0,2
1174,1192,Queens_124,3261.0,30.7,192.0,13.5,25509.0,0
1175,1193,Queens_125,1851.0,34.8,145.0,26.0,28700.0,1
1176,1194,Queens_126.01,2798.0,29.8,208.0,17.4,24072.0,0
1177,1195,Queens_126.02,2628.0,39.5,169.0,16.9,27846.0,1
1178,1196,Queens_128,2389.0,35.8,172.0,24.2,30920.0,1
1179,1197,Queens_130,1620.0,41.4,141.0,27.9,26846.0,1
1180,1198,Queens_132,2604.0,31.9,271.0,21.4,30308.0,0
1181,1199,Queens_134,5616.0,37.0,385.0,31.1,38275.0,2
1182,1200,Queens_135,1447.0,40.1,140.0,20.4,33309.0,1
1183,1201,Queens_136,1935.0,42.8,202.0,23.5,41414.0,1
1184,1202,Queens_137,1842.0,33.2,132.0,34.5,38929.0,2
1185,1203,Queens_138,3609.0,34.8,240.0,28.3,31304.0,1
1186,1204,Queens_140,3890.0,32.3,271.0,23.5,41995.0,2
1187,1205,Queens_141,1755.0,31.9,167.0,27.5,28750.0,0
1188,1206,Queens_142.01,4219.0,30.3,416.0,11.5,25470.0,0
1189,1207,Queens_142.02,2739.0,35.0,291.0,12.6,20744.0,0
1190,1208,Queens_143,4205.0,34.7,233.0,27.3,32517.0,1
1191,1209,Queens_144,2223.0,32.6,249.0,15.4,22661.0,0
1192,1210,Queens_145,2197.0,38.0,182.0,29.4,35385.0,1
1193,1211,Queens_147,3227.0,38.5,268.0,27.8,37944.0,2
1194,1212,Queens_148,2051.0,39.8,143.0,10.0,20614.0,0
1195,1213,Queens_149,2228.0,34.3,218.0,22.3,41038.0,1
1196,1214,Queens_150,3017.0,41.5,200.0,17.3,22256.0,1
1197,1215,Queens_151,2435.0,33.4,203.0,30.7,35971.0,2
1198,1216,Queens_152,3067.0,31.7,203.0,16.5,20524.0,0
1199,1217,Queens_153,2029.0,33.9,145.0,32.8,30794.0,2
1200,1218,Queens_154,2521.0,36.3,242.0,21.8,25117.0,1
1201,1219,Queens_155,2499.0,33.0,143.0,35.0,40675.0,2
1202,1220,Queens_156,3365.0,34.9,232.0,11.6,25500.0,0
1203,1221,Queens_157,1508.0,33.7,134.0,18.4,27625.0,0
1204,1222,Queens_158.01,3680.0,34.4,402.0,9.2,22313.0,0
1205,1223,Queens_158.02,4862.0,39.5,333.0,15.9,24084.0,3
1206,1224,Queens_159,3932.0,35.7,240.0,30.3,31530.0,2
1207,1225,Queens_161,2556.0,33.2,150.0,22.6,27755.0,0
1208,1226,Queens_163,3788.0,45.7,273.0,8.2,16664.0,1
1209,1227,Queens_164,3828.0,32.3,232.0,9.9,27452.0,0
1210,1228,Queens_166,3625.0,32.3,229.0,15.6,29481.0,0
1211,1229,Queens_168,3235.0,37.9,166.0,8.2,24605.0,0
1212,1230,Queens_169,5779.0,39.6,552.0,33.9,36549.0,2
1213,1231,Queens_170,2790.0,37.4,258.0,11.4,22579.0,0
1214,1233,Queens_172,2333.0,40.3,187.0,14.5,24300.0,1
1215,1234,Queens_174,2564.0,39.8,167.0,14.8,26286.0,1
1216,1235,Queens_176,2408.0,36.5,178.0,11.8,23500.0,0
1217,1236,Queens_178,2214.0,35.8,162.0,9.2,20872.0,0
1218,1237,Queens_179,979.0,34.9,113.0,23.4,31949.0,1
1219,1238,Queens_180,1486.0,30.4,119.0,7.0,24917.0,0
1220,1239,Queens_181.01,3727.0,40.1,304.0,22.8,30086.0,1
1221,1240,Queens_181.02,3683.0,39.4,220.0,31.8,35503.0,2
1222,1241,Queens_182,2602.0,37.6,195.0,12.8,25890.0,0
1223,1242,Queens_183,6475.0,37.2,508.0,30.9,36294.0,2
1224,1243,Queens_184.01,2147.0,35.8,189.0,9.7,26000.0,0
1225,1244,Queens_184.02,2440.0,38.1,213.0,7.2,25565.0,0
1226,1245,Queens_185.01,3777.0,36.6,256.0,30.5,36385.0,2
1227,1246,Queens_185.02,3491.0,35.6,275.0,27.1,36875.0,2
1228,1247,Queens_186,2063.0,31.5,143.0,11.6,26912.0,0
1229,1248,Queens_187,3077.0,35.6,279.0,33.2,32341.0,2
1230,1249,Queens_188,1493.0,33.2,148.0,9.1,31439.0,0
1231,1250,Queens_189,3542.0,36.4,319.0,22.2,30105.0,1
1232,1251,Queens_190,2437.0,34.6,211.0,4.6,29641.0,0
1233,1252,Queens_192,2092.0,38.7,167.0,17.1,31774.0,1
1234,1253,Queens_194,2549.0,41.2,185.0,10.2,27219.0,1
1235,1254,Queens_196,2877.0,35.7,219.0,14.1,27500.0,0
1236,1255,Queens_198,3117.0,30.5,177.0,9.6,19538.0,0
1237,1256,Queens_199,888.0,35.9,169.0,6.8,24485.0,0
1238,1257,Queens_202,1675.0,34.0,175.0,10.4,23724.0,0
1239,1258,Queens_204,2307.0,34.3,215.0,9.4,21903.0,0
1240,1259,Queens_205,1176.0,38.8,120.0,15.1,22224.0,1
1241,1260,Queens_206,1930.0,35.8,161.0,2.6,24347.0,0
1242,1261,Queens_208,2847.0,32.3,244.0,9.6,28039.0,0
1243,1262,Queens_212,2302.0,36.2,235.0,14.5,18606.0,0
1244,1263,Queens_214,6967.0,36.7,527.0,24.1,23788.0,3
1245,1264,Queens_216,4483.0,41.1,277.0,25.3,31430.0,1
1246,1266,Queens_220.01,6012.0,34.6,438.0,28.0,40864.0,2
1247,1267,Queens_220.02,6650.0,37.4,457.0,25.4,32231.0,3
1248,1269,Queens_230,2274.0,41.1,232.0,36.0,27059.0,1
1249,1270,Queens_232,5271.0,40.6,404.0,26.5,25411.0,1
1250,1271,Queens_235,8843.0,33.8,582.0,11.6,23858.0,3
1251,1272,Queens_236,2924.0,37.2,230.0,20.2,21963.0,1
1252,1273,Queens_238,4951.0,35.4,312.0,14.6,19732.0,3
1253,1274,Queens_240,6402.0,33.7,354.0,11.4,21573.0,3
1254,1275,Queens_243,6346.0,38.0,414.0,17.1,28175.0,3
1255,1276,Queens_245,5770.0,44.0,587.0,19.8,28310.0,1
1256,1278,Queens_247,1504.0,36.1,129.0,15.0,30721.0,0
1257,1279,Queens_249,5043.0,38.8,436.0,23.1,29169.0,1
1258,1280,Queens_251,6119.0,40.6,400.0,26.5,29230.0,1
1259,1281,Queens_253.01,3898.0,40.0,328.0,27.1,35198.0,1
1260,1282,Queens_253.02,3053.0,37.7,325.0,16.8,28968.0,1
1261,1283,Queens_254,9155.0,30.7,688.0,9.4,23585.0,3
1262,1284,Queens_255,1471.0,34.3,158.0,26.1,33672.0,1
1263,1285,Queens_257,1419.0,38.9,120.0,19.5,33778.0,1
1264,1286,Queens_258,2405.0,35.7,223.0,11.1,29050.0,0
1265,1287,Queens_259,3524.0,35.3,289.0,19.1,25733.0,0
1266,1288,Queens_260,2425.0,27.4,186.0,5.0,19124.0,0
1267,1289,Queens_261,7139.0,36.7,457.0,15.8,20704.0,3
1268,1290,Queens_262,1167.0,38.5,119.0,15.4,28242.0,1
1269,1291,Queens_263,6780.0,35.8,640.0,20.5,25019.0,3
1270,1292,Queens_264,2643.0,32.8,212.0,10.9,23529.0,0
1271,1293,Queens_265,4213.0,35.5,300.0,28.0,27311.0,1
1272,1294,Queens_266,1907.0,45.1,170.0,10.4,21477.0,1
1273,1295,Queens_267,6229.0,34.5,451.0,11.0,24216.0,3
1274,1296,Queens_269.01,5152.0,35.9,361.0,14.9,22932.0,3
1275,1297,Queens_269.02,4363.0,33.5,496.0,17.5,20714.0,0
1276,1298,Queens_270,1999.0,27.9,197.0,9.4,19342.0,0
1277,1299,Queens_271,8359.0,37.8,537.0,15.1,24285.0,3
1278,1300,Queens_272,2384.0,33.9,225.0,6.3,25086.0,0
1279,1301,Queens_273,7991.0,32.7,497.0,8.2,21723.0,3
1280,1302,Queens_274,1722.0,42.0,141.0,10.0,27654.0,1
1281,1303,Queens_275,6907.0,35.1,666.0,8.8,20608.0,3
1282,1304,Queens_276,1198.0,35.1,108.0,11.2,26278.0,0
1283,1305,Queens_277,7779.0,39.6,581.0,10.5,26929.0,3
1284,1306,Queens_278,2368.0,35.0,142.0,9.6,21060.0,0
1285,1307,Queens_279,6541.0,39.8,562.0,17.0,24437.0,3
1286,1308,Queens_280,1926.0,32.8,187.0,16.6,34853.0,0
1287,1309,Queens_281,4462.0,50.2,434.0,28.8,29180.0,1
1288,1310,Queens_282,1790.0,39.0,126.0,15.4,38802.0,1
1289,1311,Queens_283,7446.0,42.2,503.0,25.4,31289.0,3
1290,1312,Queens_284,4354.0,29.3,380.0,12.2,23448.0,0
1291,1313,Queens_285,5152.0,42.3,342.0,30.4,37865.0,2
1292,1314,Queens_287,6321.0,38.9,463.0,21.5,31792.0,3
1293,1315,Queens_288,4703.0,35.3,300.0,14.5,27968.0,0
1294,1316,Queens_289,5043.0,40.8,339.0,25.8,37412.0,1
1295,1317,Queens_291,6476.0,41.9,494.0,19.5,22002.0,3
1296,1318,Queens_293,1109.0,37.7,144.0,22.8,26902.0,1
1297,1319,Queens_294,7252.0,37.0,459.0,16.9,33801.0,3
1298,1320,Queens_295,3559.0,41.7,232.0,26.5,40183.0,1
1299,1321,Queens_297,2265.0,36.7,134.0,23.4,35988.0,1
1300,1323,Queens_306,4372.0,37.5,287.0,14.6,27938.0,0
1301,1324,Queens_309.02,7954.0,37.4,501.0,14.4,23273.0,3
1302,1325,Queens_309.03,6379.0,38.4,383.0,16.2,21892.0,3
1303,1326,Queens_309.04,3632.0,38.4,253.0,19.1,29858.0,1
1304,1327,Queens_317,5973.0,42.2,524.0,17.9,31842.0,1
1305,1328,Queens_320,4958.0,29.1,457.0,10.3,21654.0,0
1306,1329,Queens_327,3809.0,42.2,330.0,12.4,25659.0,1
1307,1330,Queens_328,2562.0,36.7,206.0,19.9,28700.0,1
1308,1331,Queens_329,3918.0,35.3,352.0,8.4,23616.0,0
1309,1332,Queens_330,7168.0,34.6,465.0,16.0,31149.0,3
1310,1334,Queens_334.01,3580.0,33.0,228.0,13.2,29079.0,0
1311,1335,Queens_334.02,13157.0,44.9,858.0,20.0,27151.0,3
1312,1336,Queens_337,3391.0,33.5,327.0,12.6,20227.0,0
1313,1337,Queens_339,3357.0,40.1,280.0,15.2,27734.0,1
1314,1338,Queens_347,3352.0,39.0,245.0,11.1,25163.0,0
1315,1339,Queens_351,4215.0,41.8,256.0,16.1,27212.0,1
1316,1340,Queens_352,2907.0,36.0,191.0,14.9,30328.0,0
1317,1341,Queens_353,2432.0,39.4,224.0,5.6,19769.0,0
1318,1342,Queens_357,3820.0,45.3,311.0,16.4,20056.0,1
1319,1343,Queens_358,3979.0,38.2,278.0,20.7,27716.0,1
1320,1344,Queens_361,2960.0,30.8,262.0,10.5,20662.0,0
1321,1345,Queens_363,2014.0,32.7,179.0,5.9,21544.0,0
1322,1346,Queens_365,3463.0,30.5,322.0,5.4,20075.0,0
1323,1347,Queens_366,3348.0,41.5,231.0,10.8,31422.0,1
1324,1348,Queens_367,2667.0,40.2,226.0,9.6,22890.0,0
1325,1349,Queens_368,2502.0,35.8,165.0,17.7,30357.0,1
1326,1350,Queens_371,1741.0,34.4,181.0,19.7,29250.0,0
1327,1351,Queens_373,2663.0,30.3,196.0,14.2,23013.0,0
1328,1352,Queens_375,4155.0,34.9,372.0,6.9,20625.0,0
1329,1353,Queens_376,6476.0,37.9,351.0,12.4,36124.0,3
1330,1354,Queens_377,3792.0,30.8,260.0,4.6,21250.0,0
1331,1355,Queens_379,7232.0,27.3,557.0,3.9,19523.0,3
1332,1356,Queens_381,7583.0,31.0,423.0,6.7,18842.0,3
1333,1359,Queens_384,2387.0,38.8,245.0,11.9,29671.0,1
1334,1360,Queens_394,2986.0,40.1,185.0,10.2,27756.0,1
1335,1361,Queens_398,1762.0,38.3,146.0,14.3,33906.0,1
1336,1362,Queens_399,4173.0,29.1,322.0,7.6,22375.0,0
1337,1363,Queens_400,1299.0,42.7,144.0,15.2,32292.0,1
1338,1364,Queens_401,7085.0,28.4,538.0,6.9,21129.0,3
1339,1365,Queens_402,1681.0,40.5,149.0,14.3,33977.0,1
1340,1366,Queens_403,7208.0,29.3,449.0,5.5,21747.0,3
1341,1367,Queens_404,4600.0,32.0,339.0,11.4,25425.0,0
1342,1368,Queens_405,3291.0,29.3,328.0,1.0,18700.0,0
1343,1369,Queens_407,8285.0,31.1,592.0,3.8,19588.0,3
1344,1370,Queens_409,6046.0,32.8,461.0,5.5,20363.0,3
1345,1371,Queens_411,3935.0,33.3,269.0,8.7,20420.0,0
1346,1372,Queens_413,4705.0,30.5,493.0,6.3,19891.0,0
1347,1373,Queens_414,4103.0,34.1,316.0,11.5,25733.0,0
1348,1374,Queens_415,4056.0,31.6,284.0,8.5,16699.0,0
1349,1375,Queens_424,2496.0,40.4,202.0,20.8,31250.0,1
1350,1376,Queens_426,507.0,72.4,136.0,4.6,9904.0,1
1351,1377,Queens_427,5393.0,31.5,329.0,6.6,21600.0,3
1352,1378,Queens_432,1403.0,36.9,114.0,19.6,37734.0,1
1353,1379,Queens_434,1818.0,35.5,204.0,15.7,34044.0,1
1354,1380,Queens_437.01,3425.0,41.3,282.0,14.3,18635.0,1
1355,1381,Queens_437.02,6033.0,37.4,608.0,20.5,22541.0,3
1356,1382,Queens_439,4357.0,32.6,415.0,5.4,21839.0,0
1357,1383,Queens_440,3766.0,33.7,408.0,14.7,27118.0,0
1358,1384,Queens_443.01,3442.0,34.3,226.0,10.0,13735.0,0
1359,1385,Queens_443.02,4902.0,34.8,424.0,14.4,21610.0,3
1360,1386,Queens_444,3182.0,35.8,230.0,10.3,21833.0,0
1361,1387,Queens_446.01,3247.0,35.7,290.0,10.0,21585.0,0
1362,1388,Queens_446.02,4843.0,32.8,362.0,17.3,16520.0,0
1363,1389,Queens_448,2936.0,35.1,212.0,24.7,25772.0,1
1364,1390,Queens_450,2183.0,39.6,177.0,20.1,27566.0,1
1365,1391,Queens_452,1096.0,54.6,164.0,21.1,18077.0,1
1366,1392,Queens_454,4543.0,39.5,388.0,25.1,30570.0,1
1367,1393,Queens_455,14205.0,35.7,858.0,12.5,24106.0,3
1368,1394,Queens_456,1368.0,36.0,140.0,18.1,19657.0,0
1369,1395,Queens_457,3033.0,36.3,363.0,29.5,22746.0,1
1370,1396,Queens_458,2246.0,34.2,182.0,36.9,34365.0,2
1371,1397,Queens_459,3691.0,37.3,337.0,14.6,21014.0,0
1372,1398,Queens_460,5920.0,35.2,282.0,20.5,19586.0,3
1373,1399,Queens_461,2767.0,36.3,241.0,14.6,19394.0,0
1374,1400,Queens_462,8694.0,31.7,591.0,18.8,16808.0,3
1375,1401,Queens_463,4023.0,34.8,398.0,12.0,23711.0,0
1376,1402,Queens_464,1685.0,29.6,127.0,25.6,22381.0,0
1377,1403,Queens_465,3348.0,31.0,259.0,12.5,18130.0,0
1378,1404,Queens_466,3660.0,36.4,377.0,23.9,44167.0,2
1379,1405,Queens_467,6765.0,32.3,547.0,13.7,18744.0,3
1380,1406,Queens_468,3083.0,39.6,295.0,27.6,21610.0,1
1381,1407,Queens_469,7860.0,38.2,491.0,16.0,20933.0,3
1382,1408,Queens_470,3205.0,40.8,183.0,15.6,22317.0,1
1383,1409,Queens_471,4415.0,38.6,397.0,16.7,21890.0,0
1384,1410,Queens_472,4204.0,47.5,322.0,26.5,28321.0,1
1385,1411,Queens_473,4007.0,40.5,356.0,24.3,26453.0,1
1386,1412,Queens_475,4142.0,36.7,399.0,24.8,26949.0,1
1387,1413,Queens_476,1456.0,46.1,126.0,31.7,34983.0,1
1388,1414,Queens_478,5506.0,45.7,471.0,28.6,40235.0,1
1389,1415,Queens_479,5170.0,43.0,420.0,18.9,23344.0,1
1390,1416,Queens_480,2684.0,40.2,243.0,12.7,26729.0,1
1391,1417,Queens_481,6130.0,45.8,630.0,22.2,20114.0,1
1392,1418,Queens_482,1504.0,44.2,118.0,21.4,29777.0,1
1393,1419,Queens_483,4399.0,37.5,368.0,18.0,22853.0,0
1394,1420,Queens_484,5377.0,36.2,626.0,22.5,28029.0,3
1395,1421,Queens_485,4620.0,40.2,423.0,23.9,25179.0,1
1396,1422,Queens_489,1712.0,31.3,178.0,19.0,22008.0,0
1397,1423,Queens_492,4597.0,42.5,272.0,15.8,31656.0,1
1398,1424,Queens_493.01,1914.0,38.2,179.0,20.1,28047.0,1
1399,1425,Queens_493.02,2669.0,35.7,187.0,12.7,26500.0,0
1400,1426,Queens_495,1343.0,39.6,110.0,18.5,37404.0,1
1401,1427,Queens_496,3254.0,41.0,226.0,13.4,30644.0,1
1402,1428,Queens_497,2854.0,37.6,291.0,23.9,30358.0,1
1403,1429,Queens_499,5123.0,40.9,383.0,18.5,25066.0,1
1404,1430,Queens_500,4362.0,40.3,368.0,10.4,19451.0,0
1405,1431,Queens_502.01,1246.0,38.6,181.0,19.6,25461.0,1
1406,1432,Queens_502.02,1351.0,31.3,91.0,13.5,24643.0,0
1407,1433,Queens_504,1921.0,43.3,140.0,14.7,21516.0,1
1408,1434,Queens_505,1467.0,36.0,150.0,27.9,36497.0,2
1409,1435,Queens_506,1652.0,35.6,168.0,16.4,32308.0,1
1410,1436,Queens_507,3943.0,39.7,256.0,21.1,25611.0,1
1411,1437,Queens_508,1846.0,34.1,183.0,10.1,33553.0,0
1412,1438,Queens_510,1955.0,38.9,186.0,20.1,26906.0,1
1413,1439,Queens_511,2068.0,41.3,145.0,20.5,40149.0,1
1414,1440,Queens_512,2850.0,40.3,192.0,13.9,29853.0,1
1415,1441,Queens_513,2146.0,38.9,164.0,17.9,35433.0,1
1416,1442,Queens_515,2757.0,43.8,177.0,17.0,39448.0,1
1417,1443,Queens_516,1854.0,43.7,173.0,14.6,24500.0,1
1418,1444,Queens_517,1959.0,39.9,190.0,18.9,31725.0,1
1419,1445,Queens_518,2196.0,32.1,181.0,16.3,31017.0,0
1420,1446,Queens_520,1695.0,41.9,131.0,15.1,31757.0,1
1421,1447,Queens_521,1958.0,41.1,135.0,19.8,32125.0,1
1422,1448,Queens_522,1777.0,40.7,168.0,19.1,32330.0,1
1423,1449,Queens_524,1516.0,45.7,133.0,13.1,30167.0,1
1424,1450,Queens_525,1864.0,33.9,151.0,17.0,31297.0,0
1425,1451,Queens_526,1998.0,32.5,152.0,19.0,31743.0,0
1426,1452,Queens_528,1405.0,44.5,151.0,7.9,25591.0,1
1427,1453,Queens_530,2389.0,39.4,177.0,17.8,30429.0,1
1428,1454,Queens_531,2943.0,36.8,245.0,15.9,31237.0,1
1429,1455,Queens_532,1994.0,39.1,173.0,14.6,33393.0,1
1430,1456,Queens_534.01,1956.0,46.4,144.0,19.7,31328.0,1
1431,1457,Queens_535,1405.0,32.1,113.0,12.7,29665.0,0
1432,1458,Queens_536.01,1913.0,39.7,183.0,10.0,26893.0,1
1433,1459,Queens_538,1696.0,36.2,120.0,12.9,26750.0,0
1434,1460,Queens_539,4413.0,34.5,378.0,22.3,31507.0,1
1435,1461,Queens_540,4535.0,36.3,280.0,11.2,22154.0,0
1436,1462,Queens_542,5429.0,36.9,348.0,10.2,30996.0,3
1437,1463,Queens_545,4126.0,30.2,250.0,13.1,26085.0,0
1438,1464,Queens_547,4909.0,31.7,353.0,14.8,25793.0,0
1439,1465,Queens_548,2351.0,40.1,199.0,25.0,30565.0,1
1440,1466,Queens_549,5807.0,29.2,390.0,14.1,25247.0,3
1441,1467,Queens_551,4745.0,35.5,259.0,17.6,29684.0,0
1442,1468,Queens_552,2950.0,42.1,295.0,16.2,27289.0,1
1443,1469,Queens_553,2554.0,29.1,181.0,17.3,27216.0,0
1444,1470,Queens_554,2302.0,43.2,172.0,13.0,32778.0,1
1445,1471,Queens_555,2233.0,34.0,155.0,6.7,27152.0,0
1446,1472,Queens_556,2345.0,45.2,195.0,14.4,28474.0,1
1447,1473,Queens_557,3452.0,32.7,304.0,13.2,25779.0,0
1448,1474,Queens_558,1625.0,50.0,160.0,15.4,27303.0,1
1449,1475,Queens_559,1365.0,29.4,122.0,16.5,30361.0,0
1450,1476,Queens_560,1666.0,38.0,103.0,14.0,31771.0,1
1451,1477,Queens_561,103.0,35.3,34.0,16.7,63750.0,2
1452,1478,Queens_562,1695.0,36.9,199.0,8.1,26135.0,0
1453,1479,Queens_564,1432.0,36.9,135.0,17.7,30564.0,1
1454,1480,Queens_565,1527.0,37.2,124.0,8.9,32083.0,0
1455,1481,Queens_566,1505.0,35.8,151.0,14.9,26383.0,0
1456,1482,Queens_567,4552.0,40.4,261.0,16.7,34765.0,1
1457,1483,Queens_568,4414.0,40.4,359.0,17.7,32784.0,1
1458,1484,Queens_577,4001.0,35.7,326.0,17.9,28998.0,0
1459,1485,Queens_579,1693.0,38.7,126.0,13.7,28969.0,1
1460,1486,Queens_580,3654.0,39.2,295.0,22.9,28845.0,1
1461,1487,Queens_581,2865.0,35.0,235.0,17.4,35685.0,1
1462,1488,Queens_582,5268.0,37.9,467.0,10.5,31559.0,3
1463,1489,Queens_583,3572.0,35.8,324.0,19.2,35946.0,1
1464,1490,Queens_585,4685.0,35.2,343.0,15.1,27850.0,0
1465,1491,Queens_587,3467.0,38.3,273.0,16.0,35678.0,1
1466,1492,Queens_589,4587.0,31.1,272.0,16.1,26389.0,0
1467,1493,Queens_590,1399.0,44.5,157.0,12.7,32101.0,1
1468,1494,Queens_591,5142.0,35.6,361.0,19.6,28322.0,3
1469,1495,Queens_592,1193.0,45.9,116.0,11.3,29653.0,1
1470,1496,Queens_593,4273.0,35.9,251.0,16.1,35292.0,1
1471,1497,Queens_594,1712.0,45.4,163.0,22.6,30792.0,1
1472,1498,Queens_595,4795.0,35.7,332.0,17.8,27651.0,3
1473,1499,Queens_596,1345.0,44.6,180.0,25.8,33514.0,1
1474,1500,Queens_598,1669.0,38.3,111.0,18.3,36120.0,1
1475,1501,Queens_599,1259.0,45.3,140.0,17.8,28955.0,1
1476,1502,Queens_600,1122.0,45.2,70.0,18.6,44519.0,1
1477,1503,Queens_601,1972.0,41.7,168.0,16.8,29920.0,1
1478,1504,Queens_603,1941.0,44.6,157.0,20.6,33727.0,1
1479,1505,Queens_606,1392.0,48.4,117.0,12.8,38487.0,1
1480,1507,Queens_608,1591.0,40.7,150.0,14.9,37207.0,1
1481,1508,Queens_610,1354.0,40.4,98.0,19.7,35329.0,1
1482,1509,Queens_612,1747.0,45.9,110.0,21.5,42137.0,1
1483,1510,Queens_613.01,5960.0,36.0,303.0,13.7,30000.0,3
1484,1511,Queens_613.02,14.0,49.0,9.0,36.4,48438.0,2
1485,1512,Queens_614,1324.0,43.7,139.0,16.0,37102.0,1
1486,1513,Queens_616.01,2278.0,42.8,169.0,18.2,36902.0,1
1487,1514,Queens_616.02,1262.0,42.6,152.0,16.6,35656.0,1
1488,1515,Queens_618,1876.0,39.4,172.0,12.9,39032.0,1
1489,1516,Queens_619,2590.0,42.4,258.0,16.9,34195.0,1
1490,1517,Queens_620,1521.0,47.0,95.0,24.3,39638.0,1
1491,1518,Queens_621,2567.0,38.8,206.0,12.0,32126.0,1
1492,1519,Queens_622,1742.0,48.5,138.0,21.8,32683.0,1
1493,1520,Queens_623,2033.0,42.0,150.0,13.4,32227.0,1
1494,1522,Queens_625,2710.0,38.7,165.0,14.1,35549.0,1
1495,1523,Queens_626,2913.0,40.3,181.0,14.1,35331.0,1
1496,1524,Queens_627,2992.0,40.4,324.0,12.9,33220.0,1
1497,1525,Queens_629,2932.0,35.2,228.0,17.1,28673.0,0
1498,1526,Queens_630,1740.0,46.3,180.0,15.3,33089.0,1
1499,1527,Queens_632,2592.0,41.5,158.0,17.8,32667.0,1
1500,1528,Queens_633.01,1483.0,40.0,85.0,14.2,40524.0,1
1501,1529,Queens_633.02,1510.0,44.5,160.0,13.9,35182.0,1
1502,1530,Queens_635,2701.0,39.2,184.0,17.1,32167.0,1
1503,1531,Queens_637,3193.0,44.5,306.0,18.1,40838.0,1
1504,1532,Queens_638,4169.0,37.1,281.0,22.7,35867.0,1
1505,1533,Queens_639,2702.0,39.0,186.0,22.0,32412.0,1
1506,1534,Queens_641.01,2120.0,49.3,142.0,23.9,31739.0,1
1507,1535,Queens_641.02,172.0,35.9,58.0,4.4,20521.0,0
1508,1536,Queens_645,1947.0,41.4,169.0,26.8,37167.0,1
1509,1537,Queens_646,3262.0,41.2,210.0,16.5,35213.0,1
1510,1538,Queens_650,3035.0,38.6,196.0,17.6,35192.0,1
1511,1539,Queens_654,3161.0,35.4,176.0,12.4,39444.0,1
1512,1541,Queens_656,5576.0,35.5,367.0,17.0,35000.0,3
1513,1542,Queens_657.02,1716.0,48.8,118.0,11.1,32240.0,1
1514,1543,Queens_657.03,2733.0,42.6,188.0,16.3,34608.0,1
1515,1544,Queens_659,1874.0,39.6,155.0,24.4,46458.0,2
1516,1545,Queens_660,3657.0,37.7,254.0,16.2,34643.0,1
1517,1546,Queens_661,1496.0,48.0,116.0,18.5,40984.0,1
1518,1547,Queens_663,2466.0,47.7,134.0,24.9,46938.0,1
1519,1548,Queens_664,9637.0,33.1,629.0,16.5,32214.0,3
1520,1549,Queens_665.01,3603.0,42.0,286.0,22.1,48582.0,2
1521,1550,Queens_667.01,2344.0,38.4,194.0,19.5,36362.0,1
1522,1551,Queens_669,1641.0,43.2,155.0,20.6,47316.0,1
1523,1552,Queens_671,2171.0,49.9,123.0,21.5,43875.0,1
1524,1553,Queens_677,1739.0,47.5,123.0,24.4,41170.0,1
1525,1554,Queens_679,3727.0,50.6,246.0,17.9,24704.0,1
1526,1555,Queens_680,5225.0,39.3,381.0,11.5,34057.0,3
1527,1556,Queens_682,1166.0,42.2,89.0,16.6,44091.0,1
1528,1557,Queens_683,4256.0,39.9,303.0,28.5,28958.0,1
1529,1558,Queens_687,4477.0,42.9,289.0,27.6,31660.0,1
1530,1559,Queens_690,3530.0,30.5,238.0,20.6,35907.0,0
1531,1560,Queens_693,3060.0,43.3,222.0,27.3,22078.0,1
1532,1561,Queens_694,3815.0,33.8,190.0,22.3,35526.0,1
1533,1562,Queens_695,1962.0,45.1,142.0,28.6,30955.0,1
1534,1563,Queens_697.01,3901.0,36.8,264.0,35.8,42057.0,2
1535,1564,Queens_697.02,3435.0,47.6,249.0,32.0,37769.0,1
1536,1565,Queens_703,1964.0,41.3,149.0,19.6,31186.0,1
1537,1566,Queens_707,2331.0,45.2,154.0,22.2,44050.0,1
1538,1567,Queens_709,2582.0,43.0,188.0,34.2,51860.0,2
1539,1568,Queens_711,6512.0,40.5,458.0,28.2,44055.0,2
1540,1569,Queens_713.03,5370.0,40.6,340.0,30.6,53585.0,2
1541,1570,Queens_713.04,6384.0,47.4,370.0,28.7,35743.0,1
1542,1571,Queens_713.05,4951.0,40.8,348.0,35.4,42145.0,2
1543,1572,Queens_713.06,6005.0,37.7,685.0,32.2,41210.0,2
1544,1574,Queens_717.01,5591.0,46.5,571.0,30.3,32284.0,1
1545,1575,Queens_717.02,3716.0,50.8,234.0,32.7,29483.0,1
1546,1576,Queens_719,2271.0,44.2,177.0,25.2,29833.0,1
1547,1577,Queens_721,4531.0,45.9,419.0,20.5,27345.0,1
1548,1578,Queens_723,2102.0,42.9,171.0,34.8,60313.0,2
1549,1579,Queens_729,1254.0,45.7,107.0,31.2,50224.0,2
1550,1580,Queens_731,1642.0,41.4,114.0,24.5,46875.0,2
1551,1581,Queens_737,1722.0,38.0,138.0,38.5,48750.0,2
1552,1582,Queens_739,5626.0,42.2,249.0,30.8,59420.0,2
1553,1583,Queens_741,3033.0,44.4,170.0,31.4,46858.0,2
1554,1584,Queens_743,4483.0,41.3,313.0,26.1,31097.0,1
1555,1585,Queens_745,4120.0,35.4,213.0,29.5,22378.0,1
1556,1586,Queens_747,3418.0,42.4,317.0,27.8,36331.0,1
1557,1587,Queens_749,1492.0,45.9,89.0,36.2,65550.0,2
1558,1588,Queens_757.01,5107.0,41.6,321.0,36.2,54731.0,2
1559,1589,Queens_757.02,4033.0,45.8,327.0,28.4,57019.0,2
1560,1590,Queens_769.01,4182.0,38.1,549.0,42.6,61869.0,2
1561,1591,Queens_769.02,1433.0,36.1,122.0,27.8,50613.0,2
1562,1592,Queens_773,2113.0,41.6,179.0,31.8,48458.0,2
1563,1593,Queens_775,2073.0,45.1,236.0,23.3,43646.0,1
1564,1594,Queens_779.02,5322.0,29.7,222.0,26.2,45500.0,2
1565,1595,Queens_779.03,3090.0,43.5,231.0,27.7,35100.0,1
1566,1596,Queens_779.04,5931.0,35.0,469.0,26.1,31941.0,3
1567,1597,Queens_779.05,2676.0,42.3,257.0,31.7,32425.0,1
1568,1598,Queens_779.06,3703.0,33.2,271.0,19.9,30355.0,0
1569,1599,Queens_779.07,3075.0,26.9,226.0,25.7,30945.0,0
1570,1600,Queens_779.08,4154.0,30.1,292.0,15.2,30704.0,0
1571,1601,Queens_788,1751.0,42.1,181.0,10.3,24958.0,1
1572,1602,Queens_790,2799.0,34.6,207.0,15.4,24719.0,0
1573,1603,Queens_792,2526.0,31.9,238.0,16.8,34856.0,0
1574,1605,Queens_797.01,6811.0,43.0,469.0,20.0,23764.0,3
1575,1606,Queens_797.02,4947.0,40.0,371.0,14.3,20429.0,3
1576,1607,Queens_799,3244.0,42.4,307.0,12.4,24240.0,1
1577,1608,Queens_803.01,4925.0,34.7,378.0,9.1,22092.0,3
1578,1609,Queens_803.02,3531.0,41.2,326.0,18.3,28214.0,1
1579,1610,Queens_809,7246.0,42.4,413.0,20.7,31410.0,3
1580,1611,Queens_814,4091.0,33.3,421.0,13.8,21299.0,0
1581,1612,Queens_818,4542.0,35.4,337.0,6.9,23741.0,0
1582,1613,Queens_837,5444.0,42.0,333.0,13.6,20851.0,3
1583,1614,Queens_838,5705.0,38.2,334.0,15.2,29098.0,3
1584,1615,Queens_840,6342.0,37.0,369.0,11.9,26323.0,3
1585,1616,Queens_845,4630.0,47.6,454.0,8.5,18520.0,1
1586,1617,Queens_846.01,2762.0,42.5,217.0,18.1,27917.0,1
1587,1618,Queens_846.02,1123.0,35.8,264.0,12.4,20033.0,0
1588,1619,Queens_849,8073.0,36.5,663.0,8.7,14928.0,3
1589,1620,Queens_853,4395.0,49.5,501.0,13.8,17400.0,1
1590,1621,Queens_855,6704.0,42.5,495.0,17.7,19038.0,3
1591,1622,Queens_857,5532.0,44.9,325.0,12.4,19715.0,3
1592,1623,Queens_859,5118.0,42.0,393.0,11.0,20686.0,3
1593,1624,Queens_861,2168.0,45.7,206.0,17.7,23667.0,1
1594,1625,Queens_863,6598.0,40.2,549.0,14.7,20729.0,3
1595,1626,Queens_864,2842.0,34.8,151.0,14.3,22135.0,0
1596,1627,Queens_865,4561.0,48.9,382.0,16.0,18878.0,1
1597,1628,Queens_869,2053.0,40.2,173.0,15.7,20972.0,1
1598,1629,Queens_871,2263.0,34.5,189.0,14.8,22480.0,0
1599,1630,Queens_884,7226.0,47.6,570.0,12.0,32914.0,3
1600,1631,Queens_889.01,10835.0,43.1,935.0,20.1,23971.0,3
1601,1632,Queens_892,7736.0,49.2,674.0,25.9,40457.0,1
1602,1633,Queens_907,1234.0,40.6,134.0,13.3,21920.0,1
1603,1634,Queens_916.01,3928.0,47.5,250.0,26.2,45224.0,1
1604,1637,Queens_919,6218.0,42.3,340.0,10.8,19972.0,3
1605,1638,Queens_922,1990.0,50.7,118.0,23.1,53264.0,1
1606,1639,Queens_925,3862.0,34.0,355.0,8.1,23299.0,0
1607,1640,Queens_928,3323.0,47.6,237.0,31.1,61944.0,2
1608,1641,Queens_929,6943.0,33.4,378.0,17.0,30006.0,3
1609,1642,Queens_934.01,3627.0,45.9,325.0,23.6,39435.0,1
1610,1643,Queens_934.02,4372.0,47.3,236.0,23.2,42954.0,1
1611,1644,Queens_938,5308.0,50.6,441.0,14.9,24769.0,1
1612,1645,Queens_939,4913.0,40.9,383.0,20.7,32822.0,1
1613,1646,Queens_942.01,3381.0,34.6,247.0,21.1,29044.0,0
1614,1647,Queens_942.02,4937.0,29.1,286.0,19.9,25964.0,0
1615,1648,Queens_942.03,5730.0,47.3,306.0,13.9,31861.0,1
1616,1649,Queens_945,3846.0,40.4,280.0,24.6,32010.0,1
1617,1650,Queens_947,2705.0,39.0,161.0,13.4,27716.0,1
1618,1651,Queens_954,5438.0,34.1,453.0,16.5,29875.0,3
1619,1652,Queens_964,4815.0,41.0,374.0,17.1,27238.0,1
1620,1653,Queens_972.02,2886.0,25.9,181.0,10.8,16489.0,0
1621,1654,Queens_972.03,6803.0,25.8,384.0,11.9,14594.0,3
1622,1655,Queens_972.04,3962.0,40.7,338.0,10.0,17091.0,0
1623,1656,Queens_973,1849.0,45.8,155.0,17.9,36806.0,1
1624,1657,Queens_981,2401.0,41.6,157.0,21.7,40259.0,1
1625,1658,Queens_987,2544.0,39.0,133.0,20.5,36129.0,1
1626,1659,Queens_991,6265.0,49.3,360.0,28.9,50683.0,2
1627,1660,Queens_992,4432.0,25.2,235.0,9.7,24493.0,0
1628,1661,Queens_997.01,2686.0,48.6,219.0,30.9,37135.0,1
1629,1662,Queens_997.03,3830.0,50.0,257.0,29.5,50607.0,2
1630,1663,Queens_997.04,6948.0,50.6,487.0,29.6,40392.0,1
1631,1664,Queens_997.05,2497.0,45.1,234.0,27.9,51801.0,2
1632,1665,Queens_998.01,7876.0,36.7,439.0,9.6,31004.0,3
1633,1666,Queens_998.02,5573.0,39.0,472.0,22.5,18546.0,3
1634,1668,Queens_1008.01,2353.0,31.8,152.0,22.2,33839.0,0
1635,1669,Queens_1008.02,9319.0,29.0,459.0,14.2,27462.0,3
1636,1670,Queens_1010.01,10976.0,33.4,683.0,15.2,16461.0,3
1637,1671,Queens_1010.02,3932.0,34.9,231.0,21.7,19671.0,0
1638,1672,Queens_1017,5984.0,47.4,390.0,20.0,40417.0,1
1639,1673,Queens_1029,3506.0,45.3,250.0,19.6,30300.0,1
1640,1674,Queens_1032.01,6401.0,30.2,378.0,9.0,21747.0,3
1641,1675,Queens_1032.02,7834.0,26.6,431.0,11.8,21484.0,3
1642,1676,Queens_1033,4165.0,43.6,302.0,19.0,32021.0,1
1643,1677,Queens_1039,6514.0,43.3,566.0,21.3,31250.0,3
1644,1678,Queens_1047,7148.0,44.6,500.0,19.9,26413.0,3
1645,1679,Queens_1059,4029.0,42.9,309.0,17.7,39272.0,1
1646,1680,Queens_1072.01,2314.0,39.4,121.0,11.4,48708.0,1
1647,1682,Queens_1085,2456.0,43.2,157.0,19.7,37466.0,1
1648,1683,Queens_1093,3275.0,46.7,211.0,28.0,45383.0,2
1649,1684,Queens_1097,1627.0,43.8,119.0,29.5,50945.0,2
1650,1685,Queens_1099,3670.0,39.7,273.0,19.3,30696.0,1
1651,1686,Queens_1113,2391.0,41.5,176.0,22.3,41632.0,1
1652,1687,Queens_1123,2007.0,39.5,170.0,32.5,40867.0,2
1653,1688,Queens_1129,2000.0,38.5,169.0,27.6,48125.0,2
1654,1689,Queens_1133,1734.0,43.3,104.0,27.0,43514.0,1
1655,1690,Queens_1139,3238.0,40.0,212.0,20.2,32348.0,1
1656,1691,Queens_1141,2427.0,47.6,150.0,26.6,38889.0,1
1657,1692,Queens_1147,1885.0,47.7,151.0,25.6,46968.0,1
1658,1693,Queens_1151,1174.0,48.1,106.0,18.8,31417.0,1
1659,1694,Queens_1155,2441.0,32.6,177.0,10.3,30730.0,0
1660,1695,Queens_1157,3344.0,42.6,238.0,13.7,22358.0,1
1661,1696,Queens_1159,4563.0,39.3,314.0,13.8,22802.0,0
1662,1697,Queens_1161,4775.0,47.7,370.0,13.3,20950.0,1
1663,1698,Queens_1163,9541.0,48.2,685.0,9.1,17157.0,3
1664,1699,Queens_1167,1848.0,40.0,206.0,11.9,19828.0,0
1665,1700,Queens_1171,2512.0,39.1,197.0,16.1,29123.0,1
1666,1701,Queens_1175,5149.0,45.9,387.0,24.2,37338.0,1
1667,1702,Queens_1181,1571.0,41.3,157.0,18.8,29300.0,1
1668,1703,Queens_1185,2312.0,38.7,200.0,17.9,21692.0,1
1669,1704,Queens_1187,2346.0,38.3,236.0,10.6,22111.0,0
1670,1705,Queens_1189,2492.0,44.5,190.0,26.1,24356.0,1
1671,1706,Queens_1191,3333.0,32.6,370.0,16.4,30379.0,0
1672,1707,Queens_1193,2118.0,37.7,158.0,21.4,26475.0,1
1673,1708,Queens_1195,1255.0,46.7,158.0,18.4,35025.0,1
1674,1709,Queens_1199,1458.0,43.4,144.0,17.2,28521.0,1
1675,1710,Queens_1201,1712.0,45.3,145.0,14.8,22784.0,1
1676,1711,Queens_1203,1558.0,42.1,164.0,20.7,19838.0,1
1677,1712,Queens_1205,2840.0,51.2,243.0,14.4,15000.0,1
1678,1713,Queens_1207,2844.0,44.7,166.0,20.7,30938.0,1
1679,1715,Queens_1215,4316.0,38.0,322.0,20.3,28125.0,1
1680,1716,Queens_1223,4043.0,41.6,257.0,21.9,26734.0,1
1681,1717,Queens_1227.01,11635.0,41.6,742.0,11.9,30099.0,3
1682,1718,Queens_1227.02,7504.0,31.8,403.0,19.2,16166.0,3
1683,1719,Queens_1241,3621.0,36.8,282.0,23.5,30500.0,1
1684,1720,Queens_1247,3450.0,45.8,216.0,33.7,40479.0,2
1685,1721,Queens_1257,3207.0,38.0,296.0,22.8,25938.0,1
1686,1722,Queens_1265,1473.0,40.9,132.0,28.9,29297.0,1
1687,1723,Queens_1267,4690.0,19.9,243.0,27.4,8306.0,0
1688,1724,Queens_1277,3403.0,39.1,191.0,28.7,52445.0,2
1689,1725,Queens_1283,47.0,63.4,18.0,17.0,32188.0,1
1690,1726,Queens_1291.02,3624.0,43.5,249.0,29.0,46836.0,2
1691,1727,Queens_1291.03,3829.0,47.0,214.0,28.7,38136.0,1
1692,1728,Queens_1291.04,4193.0,46.6,192.0,31.1,50025.0,2
1693,1729,Queens_1301,3833.0,42.2,323.0,22.1,38119.0,1
1694,1730,Queens_1333,3727.0,44.0,223.0,31.2,44594.0,2
1695,1731,Queens_1339,1330.0,40.7,125.0,26.8,41531.0,1
1696,1732,Queens_1341,3432.0,42.0,214.0,27.3,33333.0,1
1697,1733,Queens_1347,10211.0,40.3,557.0,25.3,30616.0,3
1698,1734,Queens_1367,5906.0,46.8,397.0,20.4,31887.0,1
1699,1735,Queens_1377,6384.0,40.6,424.0,23.7,36472.0,1
1700,1736,Queens_1385.01,4733.0,40.7,258.0,24.2,25563.0,1
1701,1738,Queens_1399,1891.0,45.2,119.0,27.3,44063.0,1
1702,1739,Queens_1403,2099.0,48.0,169.0,22.9,40654.0,1
1703,1740,Queens_1409.01,999.0,44.8,74.0,31.8,41116.0,2
1704,1741,Queens_1409.02,2975.0,45.0,172.0,23.9,44423.0,1
1705,1742,Queens_1417,4958.0,41.6,285.0,23.3,33289.0,1
1706,1743,Queens_1429,3323.0,49.5,275.0,21.1,33199.0,1
1707,1744,Queens_1435,2235.0,44.7,162.0,22.5,36691.0,1
1708,1745,Queens_1441,3172.0,44.8,243.0,36.5,41303.0,2
1709,1746,Queens_1447,2984.0,43.0,242.0,21.8,30660.0,1
1710,1747,Queens_1451.01,1556.0,42.1,183.0,21.7,41404.0,1
1711,1748,Queens_1451.02,2494.0,40.3,194.0,23.0,37784.0,1
1712,1749,Queens_1459,2988.0,44.6,233.0,17.9,31723.0,1
1713,1750,Queens_1463,3415.0,44.7,248.0,13.5,26839.0,1
1714,1751,Queens_1467,3150.0,36.1,313.0,26.7,38527.0,2
1715,1752,Queens_1471,3265.0,46.0,189.0,31.0,35320.0,1
1716,1753,Queens_1479,4821.0,43.5,341.0,26.9,35409.0,1
1717,1754,Queens_1483,2870.0,45.8,154.0,27.3,50708.0,2
1718,1755,Queens_1507.01,3123.0,47.5,215.0,32.7,42315.0,2
1719,1756,Queens_1507.02,3270.0,45.7,267.0,24.6,31929.0,1
1720,1757,Queens_1529.01,6535.0,44.9,416.0,24.3,49764.0,2
1721,1758,Queens_1529.02,5119.0,44.9,331.0,29.6,43737.0,2
1722,1759,Queens_1551.01,1926.0,80.5,369.0,25.8,45192.0,1
1723,1760,Queens_1551.02,8665.0,45.7,412.0,21.6,46853.0,3
1724,1761,Queens_1567,1382.0,45.5,371.0,15.3,11913.0,1
1725,1762,Queens_1571.01,8310.0,34.9,529.0,22.9,37100.0,3
1726,1763,Queens_1571.02,2110.0,35.8,153.0,21.2,27146.0,1
1727,1764,Queens_1579.01,4848.0,48.4,347.0,26.0,44210.0,1
1728,1765,Queens_1579.02,3866.0,41.3,236.0,20.3,34356.0,1
1729,1766,Queens_1579.03,4039.0,46.6,325.0,20.6,37340.0,1
1730,1767,Queens_1617,4436.0,41.7,255.0,16.3,35974.0,1
1731,1768,Queens_1621,6845.0,34.0,394.0,18.8,30801.0,3
1732,1770,StatenIsland_3,1919.0,41.5,151.0,31.9,40877.0,2
1733,1771,StatenIsland_6,2204.0,53.0,229.0,20.1,27500.0,1
1734,1772,StatenIsland_7,6228.0,32.6,309.0,14.9,25263.0,3
1735,1773,StatenIsland_8,5662.0,36.8,330.0,21.2,40190.0,1
1736,1774,StatenIsland_9,1724.0,31.7,128.0,19.4,30335.0,0
1737,1775,StatenIsland_11,3174.0,35.1,319.0,21.6,26486.0,0
1738,1776,StatenIsland_17,1500.0,40.5,121.0,22.6,24747.0,1
1739,1777,StatenIsland_18,584.0,30.7,59.0,17.8,31875.0,0
1740,1778,StatenIsland_20.01,2584.0,38.9,189.0,17.2,44693.0,1
1741,1779,StatenIsland_20.02,3395.0,45.0,265.0,27.2,44271.0,2
1742,1780,StatenIsland_21,4285.0,31.1,377.0,11.5,22472.0,0
1743,1781,StatenIsland_27,2186.0,36.0,199.0,11.4,9910.0,0
1744,1782,StatenIsland_29,5237.0,29.6,281.0,9.9,18314.0,3
1745,1783,StatenIsland_33,3708.0,37.3,232.0,21.6,50526.0,2
1746,1784,StatenIsland_36,2589.0,37.2,181.0,15.7,30360.0,1
1747,1785,StatenIsland_39,2390.0,35.9,136.0,23.0,40399.0,1
1748,1786,StatenIsland_40,12349.0,31.4,682.0,18.1,23346.0,3
1749,1787,StatenIsland_47,3189.0,34.1,163.0,12.5,23006.0,0
1750,1788,StatenIsland_50,3863.0,41.1,182.0,21.2,39726.0,1
1751,1789,StatenIsland_59,3011.0,40.0,140.0,28.2,45658.0,2
1752,1790,StatenIsland_64,3381.0,34.5,210.0,20.8,30975.0,1
1753,1791,StatenIsland_67,2551.0,41.1,133.0,21.8,50306.0,2
1754,1792,StatenIsland_70,8942.0,39.0,627.0,14.0,30155.0,3
1755,1793,StatenIsland_74,4673.0,41.1,276.0,22.2,32424.0,1
1756,1794,StatenIsland_75,4313.0,37.5,321.0,7.4,19567.0,0
1757,1795,StatenIsland_77,1497.0,28.7,103.0,14.0,30072.0,0
1758,1796,StatenIsland_81,4373.0,43.7,252.0,17.1,20231.0,1
1759,1797,StatenIsland_96.01,3844.0,49.0,250.0,20.7,30979.0,1
1760,1798,StatenIsland_96.02,3427.0,41.7,290.0,21.0,41905.0,1
1761,1799,StatenIsland_97,4396.0,35.8,189.0,18.3,40693.0,1
1762,1800,StatenIsland_105,4886.0,40.5,291.0,17.6,35444.0,1
1763,1801,StatenIsland_112.01,5846.0,38.2,431.0,14.8,31695.0,3
1764,1802,StatenIsland_112.02,5677.0,36.8,560.0,17.2,35588.0,3
1765,1803,StatenIsland_114.01,2868.0,39.1,192.0,11.4,23653.0,0
1766,1804,StatenIsland_114.02,3841.0,41.4,231.0,20.0,38088.0,1
1767,1805,StatenIsland_121,3322.0,41.1,122.0,20.8,51854.0,2
1768,1806,StatenIsland_122,3858.0,40.8,272.0,24.5,45897.0,2
1769,1807,StatenIsland_125,3009.0,33.7,191.0,14.7,35647.0,0
1770,1808,StatenIsland_128.04,4128.0,41.0,252.0,18.3,37887.0,1
1771,1809,StatenIsland_128.05,2765.0,42.8,242.0,11.2,26900.0,1
1772,1810,StatenIsland_128.06,5600.0,43.5,294.0,15.4,31144.0,1
1773,1811,StatenIsland_132.01,1579.0,45.3,75.0,19.9,42381.0,1
1774,1812,StatenIsland_132.03,5674.0,44.2,333.0,15.6,37134.0,1
1775,1813,StatenIsland_132.04,4579.0,45.0,269.0,20.0,42276.0,1
1776,1814,StatenIsland_133.01,1469.0,23.7,98.0,7.8,12639.0,0
1777,1815,StatenIsland_133.02,3027.0,28.0,230.0,12.7,24219.0,0
1778,1816,StatenIsland_134,3854.0,41.2,184.0,17.9,36090.0,1
1779,1817,StatenIsland_138,6095.0,49.9,286.0,17.5,36430.0,1
1780,1818,StatenIsland_141,2359.0,39.5,149.0,20.5,37750.0,1
1781,1819,StatenIsland_146.04,6841.0,43.3,397.0,18.6,39017.0,3
1782,1820,StatenIsland_146.05,3887.0,46.0,181.0,23.4,45591.0,1
1783,1821,StatenIsland_146.06,7183.0,41.5,309.0,23.9,41397.0,3
1784,1822,StatenIsland_146.07,4752.0,40.8,173.0,17.8,36939.0,1
1785,1823,StatenIsland_146.08,3927.0,39.4,276.0,15.9,34554.0,1
1786,1824,StatenIsland_147,3410.0,44.5,170.0,22.3,59964.0,2
1787,1825,StatenIsland_151,5155.0,40.6,346.0,16.6,44507.0,1
1788,1827,StatenIsland_156.01,6677.0,43.1,248.0,18.0,49605.0,1
1789,1828,StatenIsland_156.02,3422.0,43.5,151.0,21.6,32394.0,1
1790,1829,StatenIsland_156.03,4661.0,40.6,251.0,22.8,42275.0,1
1791,1830,StatenIsland_169.01,3142.0,39.8,204.0,20.6,38868.0,1
1792,1831,StatenIsland_170.05,4917.0,44.1,235.0,22.3,40916.0,1
1793,1832,StatenIsland_170.07,5471.0,37.6,278.0,24.4,41111.0,2
1794,1833,StatenIsland_170.08,7560.0,41.7,423.0,20.3,38438.0,3
1795,1834,StatenIsland_170.09,4526.0,43.3,246.0,23.5,44950.0,1
1796,1835,StatenIsland_170.10,8925.0,39.2,351.0,21.2,36390.0,3
1797,1836,StatenIsland_170.11,4483.0,43.8,231.0,17.4,39146.0,1
1798,1837,StatenIsland_170.12,4526.0,44.0,202.0,19.2,35355.0,1
1799,1838,StatenIsland_173,2586.0,37.3,112.0,21.0,24048.0,1
1800,1839,StatenIsland_176,4767.0,44.2,256.0,27.8,43555.0,2
1801,1840,StatenIsland_177,6722.0,46.5,346.0,21.0,46092.0,1
1802,1841,StatenIsland_181,3196.0,46.7,224.0,22.3,42314.0,1
1803,1842,StatenIsland_187.01,1758.0,41.1,119.0,21.1,35100.0,1
1804,1843,StatenIsland_187.02,7329.0,49.4,395.0,18.6,26672.0,3
1805,1844,StatenIsland_189.01,5242.0,42.2,373.0,14.9,35933.0,1
1806,1845,StatenIsland_189.02,5127.0,39.3,225.0,25.3,37407.0,1
1807,1846,StatenIsland_197,1812.0,42.0,73.0,24.9,50461.0,2
1808,1847,StatenIsland_198,6583.0,40.8,265.0,17.6,44176.0,3
1809,1848,StatenIsland_201,3612.0,39.2,121.0,19.5,42067.0,1
1810,1849,StatenIsland_207,5548.0,30.2,327.0,8.3,23400.0,3
1811,1850,StatenIsland_208.01,9277.0,39.5,314.0,14.9,45698.0,3
1812,1851,StatenIsland_208.03,6271.0,39.5,442.0,22.7,47712.0,2
1813,1852,StatenIsland_208.04,5849.0,42.4,229.0,19.0,42473.0,1
1814,1853,StatenIsland_213,4768.0,31.8,368.0,16.5,29571.0,0
1815,1854,StatenIsland_223,2541.0,29.6,158.0,15.8,37660.0,0
1816,1855,StatenIsland_226,8988.0,39.2,515.0,27.5,45946.0,3
1817,1856,StatenIsland_228,41.0,26.4,19.0,18.2,62583.0,2
1818,1857,StatenIsland_231,4336.0,35.8,311.0,15.3,32893.0,0
1819,1858,StatenIsland_239,3778.0,27.9,317.0,16.3,20083.0,0
1820,1859,StatenIsland_244.01,6271.0,40.5,307.0,18.6,35958.0,3
1821,1860,StatenIsland_244.02,4419.0,37.7,249.0,20.7,44360.0,1
1822,1861,StatenIsland_247,2624.0,32.8,217.0,13.1,33043.0,0
1823,1862,StatenIsland_248,5116.0,36.4,224.0,19.9,36799.0,1
1824,1863,StatenIsland_251,6201.0,44.0,328.0,16.3,34467.0,1
1825,1864,StatenIsland_273.01,3938.0,44.4,220.0,18.5,37213.0,1
1826,1865,StatenIsland_273.02,3400.0,42.8,196.0,24.2,37902.0,1
1827,1866,StatenIsland_277.02,6681.0,40.5,321.0,21.2,33618.0,3
1828,1867,StatenIsland_277.04,4287.0,41.4,257.0,17.2,41223.0,1
1829,1868,StatenIsland_277.05,5754.0,42.6,319.0,18.6,32274.0,1
1830,1869,StatenIsland_277.06,3504.0,38.0,243.0,20.0,34303.0,1
1831,1870,StatenIsland_279,2132.0,53.6,208.0,15.1,22226.0,1
1832,1871,StatenIsland_291.02,2904.0,39.1,152.0,16.2,34744.0,1
1833,1872,StatenIsland_291.03,7775.0,40.7,387.0,13.6,35046.0,3
1834,1873,StatenIsland_291.04,7807.0,37.0,390.0,14.3,32109.0,3
1835,1874,StatenIsland_303.01,4897.0,36.5,264.0,16.2,33449.0,3
1836,1875,StatenIsland_303.02,6142.0,36.9,303.0,21.5,47977.0,2
1837,1876,StatenIsland_319.01,2564.0,31.1,226.0,13.2,16354.0,0
1838,1877,StatenIsland_319.02,4480.0,27.8,245.0,17.2,21869.0,0
1839,1878,StatenIsland_323,1218.0,42.4,99.0,10.2,36726.0,1
